rheaid	reactionEquation	compoundID_L	compoundID_R	compoundName_L	compoundName_R
RHEA:10028	D-glutamate + H2O + O2 = 2-oxoglutarate + H2O2 + NH4(+)	CHEBI:15379,CHEBI:15377,CHEBI:29986	CHEBI:28938,CHEBI:16810,CHEBI:16240	O2,H2O,D-glutamate	NH4(+),2-oxoglutarate,H2O2
RHEA:10040	adenosine 3',5'-bisphosphate + H2O = AMP + phosphate	CHEBI:15377,CHEBI:58343	CHEBI:456215,CHEBI:43474	H2O,adenosine 3',5'-bisphosphate	AMP,phosphate
RHEA:10132	ATP + benzoate + CoA = AMP + benzoyl-CoA + diphosphate	CHEBI:57287,CHEBI:16150,CHEBI:30616	CHEBI:57369,CHEBI:33019,CHEBI:456215	CoA,benzoate,ATP	benzoyl-CoA,diphosphate,AMP
RHEA:10152	ATP + hydrogencarbonate + NH4(+) = ADP + carbamoyl phosphate + H(+) + H2O	CHEBI:28938,CHEBI:17544,CHEBI:30616	CHEBI:15377,CHEBI:456216,CHEBI:15378,CHEBI:58228	NH4(+),hydrogencarbonate,ATP	H2O,ADP,H(+),carbamoyl phosphate
RHEA:10192	ATP + H2O + sulfate(out) = ADP + H(+) + phosphate + sulfate(in)	CHEBI:15377,CHEBI:16189,CHEBI:30616	CHEBI:456216,CHEBI:15378,CHEBI:16189,CHEBI:43474	H2O,sulfate,ATP	ADP,H(+),sulfate,phosphate
RHEA:10272	a 1,2-diacyl-sn-glycerol + ATP = a 1,2-diacyl-sn-glycero-3-phosphate + ADP + H(+)	CHEBI:17815,CHEBI:30616	CHEBI:456216,CHEBI:58608,CHEBI:15378	a 1,2-diacyl-sn-glycerol,ATP	ADP,a 1,2-diacyl-sn-glycero-3-phosphate,H(+)
RHEA:10388	GTP + oxaloacetate = CO2 + GDP + phosphoenolpyruvate	CHEBI:16452,CHEBI:37565	CHEBI:58702,CHEBI:16526,CHEBI:58189	oxaloacetate,GTP	phosphoenolpyruvate,CO2,GDP
RHEA:10412	ADP-D-ribose + H2O = AMP + D-ribose 5-phosphate + 2 H(+)	CHEBI:15377,CHEBI:57967	CHEBI:456215,CHEBI:15378,CHEBI:78346	H2O,ADP-D-ribose	AMP,H(+),D-ribose 5-phosphate
RHEA:10512	(S)-malate + O2 = H2O2 + oxaloacetate	CHEBI:15379,CHEBI:15589	CHEBI:16240,CHEBI:16452	O2,(S)-malate	H2O2,oxaloacetate
RHEA:10524	2-oxoglutarate + H(+) = CO2 + succinate semialdehyde	CHEBI:16810,CHEBI:15378	CHEBI:57706,CHEBI:16526	2-oxoglutarate,H(+)	succinate semialdehyde,CO2
RHEA:10624	2 ATP + CO2 + H2O + NH4(+) = 2 ADP + carbamoyl phosphate + 3 H(+) + phosphate	CHEBI:28938,CHEBI:15377,CHEBI:16526,CHEBI:30616	CHEBI:456216,CHEBI:15378,CHEBI:58228,CHEBI:43474	NH4(+),H2O,CO2,ATP	ADP,H(+),carbamoyl phosphate,phosphate
RHEA:10748	H(+) + hydrogencarbonate = CO2 + H2O	CHEBI:17544,CHEBI:15378	CHEBI:15377,CHEBI:16526	hydrogencarbonate,H(+)	H2O,CO2
RHEA:10756	ATP + phosphate + pyruvate = AMP + diphosphate + H(+) + phosphoenolpyruvate	CHEBI:15361,CHEBI:43474,CHEBI:30616	CHEBI:33019,CHEBI:456215,CHEBI:15378,CHEBI:58702	pyruvate,phosphate,ATP	diphosphate,AMP,H(+),phosphoenolpyruvate
RHEA:10876	4-hydroxybenzoate + H(+) = CO2 + phenol	CHEBI:15378,CHEBI:17879	CHEBI:15882,CHEBI:16526	H(+),4-hydroxybenzoate	phenol,CO2
RHEA:11004	2 H(+) + NADH + O2 + salicylate = catechol + CO2 + H2O + NAD(+)	CHEBI:15379,CHEBI:57945,CHEBI:30762,CHEBI:15378	CHEBI:15377,CHEBI:18135,CHEBI:57540,CHEBI:16526	O2,NADH,salicylate,H(+)	H2O,catechol,NAD(+),CO2
RHEA:11072	anthranilate + 3 H(+) + NADPH + O2 = catechol + CO2 + NADP(+) + NH4(+)	CHEBI:15379,CHEBI:15378,CHEBI:57783,CHEBI:16567	CHEBI:28938,CHEBI:18135,CHEBI:16526,CHEBI:58349	O2,H(+),NADPH,anthranilate	NH4(+),catechol,CO2,NADP(+)
RHEA:11076	anthranilate + 3 H(+) + NADH + O2 = catechol + CO2 + NAD(+) + NH4(+)	CHEBI:15379,CHEBI:57945,CHEBI:15378,CHEBI:16567	CHEBI:28938,CHEBI:18135,CHEBI:57540,CHEBI:16526	O2,NADH,H(+),anthranilate	NH4(+),catechol,NAD(+),CO2
RHEA:11148	4 Fe(2+) + 4 H(+) + O2 = 4 Fe(3+) + 2 H2O	CHEBI:15379,CHEBI:29033,CHEBI:15378	CHEBI:15377,CHEBI:29034	O2,Fe(2+),H(+)	H2O,Fe(3+)
RHEA:11260	H(+) + NADPH + O2 = H2O2 + NADP(+)	CHEBI:15379,CHEBI:15378,CHEBI:57783	CHEBI:16240,CHEBI:58349	O2,H(+),NADPH	H2O2,NADP(+)
RHEA:11264	H(+) + NADH + O2 = H2O2 + NAD(+)	CHEBI:15379,CHEBI:57945,CHEBI:15378	CHEBI:16240,CHEBI:57540	O2,NADH,H(+)	H2O2,NAD(+)
RHEA:11308	acetyl-CoA + ATP + hydrogencarbonate = ADP + H(+) + malonyl-CoA + phosphate	CHEBI:17544,CHEBI:57288,CHEBI:30616	CHEBI:456216,CHEBI:15378,CHEBI:57384,CHEBI:43474	hydrogencarbonate,acetyl-CoA,ATP	ADP,H(+),malonyl-CoA,phosphate
RHEA:11352	acetate + ATP = acetyl phosphate + ADP	CHEBI:30089,CHEBI:30616	CHEBI:456216,CHEBI:22191	acetate,ATP	ADP,acetyl phosphate
RHEA:11364	ATP + H2O + pyruvate = AMP + 2 H(+) + phosphate + phosphoenolpyruvate	CHEBI:15377,CHEBI:15361,CHEBI:30616	CHEBI:456215,CHEBI:15378,CHEBI:58702,CHEBI:43474	H2O,pyruvate,ATP	AMP,H(+),phosphoenolpyruvate,phosphate
RHEA:11372	ATP + L-aspartate + NH4(+) = AMP + diphosphate + H(+) + L-asparagine	CHEBI:28938,CHEBI:29991,CHEBI:30616	CHEBI:58048,CHEBI:33019,CHEBI:456215,CHEBI:15378	NH4(+),L-aspartate,ATP	L-asparagine,diphosphate,AMP,H(+)
RHEA:11428	beta-D-glucose + O2 = D-glucono-1,5-lactone + H2O2	CHEBI:15379,CHEBI:15903	CHEBI:16240,CHEBI:16217	O2,beta-D-glucose	H2O2,D-glucono-1,5-lactone
RHEA:11436	4 [Fe(II)cytochrome c] + 4 H(+) + O2 = 4 [Fe(III)cytochrome c] + 2 H2O	GENERIC:10350,CHEBI:15379,CHEBI:15378	GENERIC:14399,CHEBI:15377	[Fe(II)cytochrome c],O2,H(+)	[Fe(III)cytochrome c],H2O
RHEA:11460	ADP + D-glucose = AMP + D-glucose 6-phosphate + H(+)	CHEBI:456216,CHEBI:4167	CHEBI:456215,CHEBI:15378,CHEBI:61548	ADP,D-glucose	AMP,H(+),D-glucose 6-phosphate
RHEA:11532	glycine + H2O + O2 = glyoxylate + H2O2 + NH4(+)	CHEBI:15379,CHEBI:15377,CHEBI:57305	CHEBI:28938,CHEBI:16240,CHEBI:36655	O2,H2O,glycine	NH4(+),H2O2,glyoxylate
RHEA:11536	choline + H2O + 2 O2 = betaine + H(+) + 2 H2O2	CHEBI:15379,CHEBI:15377,CHEBI:15354	CHEBI:16240,CHEBI:15378,CHEBI:17750	O2,H2O,choline	H2O2,H(+),betaine
RHEA:11600	ATP + CMP = ADP + CDP	CHEBI:60377,CHEBI:30616	CHEBI:58069,CHEBI:456216	CMP,ATP	CDP,ADP
RHEA:11628	a 2-oxocarboxylate + H(+) = an aldehyde + CO2	CHEBI:15378,CHEBI:35179	CHEBI:16526,CHEBI:17478	H(+),a 2-oxocarboxylate	CO2,an aldehyde
RHEA:11712	3-methyl-2-oxobutanoate + CoA + 2 oxidized [2Fe-2S]-[ferredoxin] = 2-methylpropanoyl-CoA + CO2 + H(+) + 2 reduced [2Fe-2S]-[ferredoxin]	GENERIC:10000,CHEBI:57287,CHEBI:11851	GENERIC:10001,CHEBI:57338,CHEBI:15378,CHEBI:16526	oxidized [2Fe-2S]-[ferredoxin],CoA,3-methyl-2-oxobutanoate	reduced [2Fe-2S]-[ferredoxin],2-methylpropanoyl-CoA,H(+),CO2
RHEA:11812	H2O + methanethiol + O2 = formaldehyde + H(+) + H2O2 + hydrogen sulfide	CHEBI:15379,CHEBI:15377,CHEBI:16007	CHEBI:16842,CHEBI:16240,CHEBI:15378,CHEBI:29919	O2,H2O,methanethiol	formaldehyde,H2O2,H(+),hydrogen sulfide
RHEA:11940	2 H(+) + H2O + L-citrulline = CO2 + L-ornithine + NH4(+)	CHEBI:15377,CHEBI:15378,CHEBI:57743	CHEBI:28938,CHEBI:46911,CHEBI:16526	H2O,H(+),L-citrulline	NH4(+),L-ornithine,CO2
RHEA:12000	formate + NADP(+) = CO2 + NADPH	CHEBI:15740,CHEBI:58349	CHEBI:57783,CHEBI:16526	formate,NADP(+)	NADPH,CO2
RHEA:12228	ATP + H2O + L-aspartate + L-glutamine = AMP + diphosphate + H(+) + L-asparagine + L-glutamate	CHEBI:15377,CHEBI:29991,CHEBI:58359,CHEBI:30616	CHEBI:58048,CHEBI:29985,CHEBI:33019,CHEBI:456215,CHEBI:15378	H2O,L-aspartate,L-glutamine,ATP	L-asparagine,L-glutamate,diphosphate,AMP,H(+)
RHEA:12260	ATP + NADH = ADP + H(+) + NADPH	CHEBI:57945,CHEBI:30616	CHEBI:456216,CHEBI:15378,CHEBI:57783	NADH,ATP	ADP,H(+),NADPH
RHEA:12332	ATP + Fe(3+)(out) + H2O = ADP + Fe(3+)(in) + H(+) + phosphate	CHEBI:15377,CHEBI:29034,CHEBI:30616	CHEBI:456216,CHEBI:15378,CHEBI:29034,CHEBI:43474	H2O,Fe(3+),ATP	ADP,H(+),Fe(3+),phosphate
RHEA:12621	H(+) + L-aspartate = CO2 + L-alanine	CHEBI:29991,CHEBI:15378	CHEBI:57972,CHEBI:16526	L-aspartate,H(+)	L-alanine,CO2
RHEA:12653	(S)-malate + NAD(+) = CO2 + NADH + pyruvate	CHEBI:57540,CHEBI:15589	CHEBI:57945,CHEBI:15361,CHEBI:16526	NAD(+),(S)-malate	NADH,pyruvate,CO2
RHEA:12765	CoA + 2 oxidized [2Fe-2S]-[ferredoxin] + pyruvate = acetyl-CoA + CO2 + H(+) + 2 reduced [2Fe-2S]-[ferredoxin]	GENERIC:10000,CHEBI:57287,CHEBI:15361	GENERIC:10001,CHEBI:15378,CHEBI:57288,CHEBI:16526	oxidized [2Fe-2S]-[ferredoxin],CoA,pyruvate	reduced [2Fe-2S]-[ferredoxin],H(+),acetyl-CoA,CO2
RHEA:12837	ATP + choline = ADP + H(+) + phosphocholine	CHEBI:15354,CHEBI:30616	CHEBI:456216,CHEBI:15378,CHEBI:295975	choline,ATP	ADP,H(+),phosphocholine
RHEA:12973	AMP + ATP = 2 ADP	CHEBI:456215,CHEBI:30616	CHEBI:456216	AMP,ATP	ADP
RHEA:13065	ATP + H2O = ADP + H(+) + phosphate	CHEBI:15377,CHEBI:30616	CHEBI:456216,CHEBI:15378,CHEBI:43474	H2O,ATP	ADP,H(+),phosphate
RHEA:13069	ATP + ethanolamine = ADP + H(+) + phosphoethanolamine	CHEBI:57603,CHEBI:30616	CHEBI:456216,CHEBI:58190,CHEBI:15378	ethanolamine,ATP	ADP,phosphoethanolamine,H(+)
RHEA:13181	ATP + H2O + nitrate(out) = ADP + H(+) + nitrate(in) + phosphate	CHEBI:15377,CHEBI:17632,CHEBI:30616	CHEBI:456216,CHEBI:15378,CHEBI:17632,CHEBI:43474	H2O,nitrate,ATP	ADP,H(+),nitrate,phosphate
RHEA:13293	3 H(+) + malonyl-CoA + 2 NADPH + octadecanoyl-CoA = CO2 + CoA + eicosanoyl-CoA + H2O + 2 NADP(+)	CHEBI:15378,CHEBI:57783,CHEBI:57394,CHEBI:57384	CHEBI:57287,CHEBI:15377,CHEBI:57380,CHEBI:16526,CHEBI:58349	H(+),NADPH,octadecanoyl-CoA,malonyl-CoA	CoA,H2O,eicosanoyl-CoA,CO2,NADP(+)
RHEA:13297	3 H(+) + malonyl-CoA + 2 NADH + octadecanoyl-CoA = CO2 + CoA + eicosanoyl-CoA + H2O + 2 NAD(+)	CHEBI:57945,CHEBI:15378,CHEBI:57394,CHEBI:57384	CHEBI:57287,CHEBI:15377,CHEBI:57380,CHEBI:57540,CHEBI:16526	NADH,H(+),octadecanoyl-CoA,malonyl-CoA	CoA,H2O,eicosanoyl-CoA,NAD(+),CO2
RHEA:13313	H2O + O2 + sarcosine = formaldehyde + glycine + H2O2	CHEBI:15379,CHEBI:15377,CHEBI:57433	CHEBI:16842,CHEBI:16240,CHEBI:57305	O2,H2O,sarcosine	formaldehyde,H2O2,glycine
RHEA:13605	2 L-ascorbate + O2 = 2 H2O + 2 L-dehydroascorbate	CHEBI:15379,CHEBI:38290	CHEBI:15377,CHEBI:58539	O2,L-ascorbate	H2O,L-dehydroascorbate
RHEA:13697	ATP + D-ribose = ADP + D-ribose 5-phosphate + H(+)	CHEBI:47013,CHEBI:30616	CHEBI:456216,CHEBI:15378,CHEBI:78346	D-ribose,ATP	ADP,H(+),D-ribose 5-phosphate
RHEA:13749	a ribonucleoside 5'-triphosphate + AMP = a ribonucleoside 5'-diphosphate + ADP	CHEBI:456215,CHEBI:61557	CHEBI:57930,CHEBI:456216	AMP,a ribonucleoside 5'-triphosphate	a ribonucleoside 5'-diphosphate,ADP
RHEA:13781	an L-alpha-amino acid + H2O + O2 = a 2-oxocarboxylate + H2O2 + NH4(+)	CHEBI:15379,CHEBI:15377,CHEBI:59869	CHEBI:28938,CHEBI:16240,CHEBI:35179	O2,H2O,an L-alpha-amino acid	NH4(+),H2O2,a 2-oxocarboxylate
RHEA:13889	FAD + H2O = AMP + FMN + 2 H(+)	CHEBI:15377,CHEBI:57692	CHEBI:456215,CHEBI:58210,CHEBI:15378	H2O,FAD	AMP,FMN,H(+)
RHEA:13997	3-methyl-2-oxobutanoate + CoA + NAD(+) = 2-methylpropanoyl-CoA + CO2 + NADH	CHEBI:57287,CHEBI:11851,CHEBI:57540	CHEBI:57338,CHEBI:57945,CHEBI:16526	CoA,3-methyl-2-oxobutanoate,NAD(+)	2-methylpropanoyl-CoA,NADH,CO2
RHEA:14197	ATP + L-aspartate + NH4(+) = ADP + H(+) + L-asparagine + phosphate	CHEBI:28938,CHEBI:29991,CHEBI:30616	CHEBI:58048,CHEBI:456216,CHEBI:15378,CHEBI:43474	NH4(+),L-aspartate,ATP	L-asparagine,ADP,H(+),phosphate
RHEA:14245	ATP + H2O = AMP + diphosphate + H(+)	CHEBI:15377,CHEBI:30616	CHEBI:33019,CHEBI:456215,CHEBI:15378	H2O,ATP	diphosphate,AMP,H(+)
RHEA:14357	ATP + riboflavin = ADP + FMN + H(+)	CHEBI:57986,CHEBI:30616	CHEBI:58210,CHEBI:456216,CHEBI:15378	riboflavin,ATP	FMN,ADP,H(+)
RHEA:14529	ADP + D-ribose 5-phosphate + H(+) = ADP-D-ribose + phosphate	CHEBI:456216,CHEBI:15378,CHEBI:78346	CHEBI:57967,CHEBI:43474	ADP,H(+),D-ribose 5-phosphate	ADP-D-ribose,phosphate
RHEA:14613	ATP + H2O + taurine(out) = ADP + H(+) + phosphate + taurine(in)	CHEBI:15377,CHEBI:507393,CHEBI:30616	CHEBI:456216,CHEBI:15378,CHEBI:507393,CHEBI:43474	H2O,taurine,ATP	ADP,H(+),taurine,phosphate
RHEA:14633	ATP + H2O + Na(+)(in) = ADP + H(+) + Na(+)(out) + phosphate	CHEBI:15377,CHEBI:29101,CHEBI:30616	CHEBI:29101,CHEBI:456216,CHEBI:15378,CHEBI:43474	H2O,Na(+),ATP	Na(+),ADP,H(+),phosphate
RHEA:14645	H2O + S-adenosyl-L-methionine = H(+) + L-homoserine + S-methyl-5'-thioadenosine	CHEBI:15377,CHEBI:59789	CHEBI:57476,CHEBI:15378,CHEBI:17509	H2O,S-adenosyl-L-methionine	L-homoserine,H(+),S-methyl-5'-thioadenosine
RHEA:14777	AMP + H(+) + H2O = IMP + NH4(+)	CHEBI:15377,CHEBI:456215,CHEBI:15378	CHEBI:28938,CHEBI:58053	H2O,AMP,H(+)	NH4(+),IMP
RHEA:14837	glyoxylate + H2O + O2 = H(+) + H2O2 + oxalate	CHEBI:15379,CHEBI:15377,CHEBI:36655	CHEBI:30623,CHEBI:16240,CHEBI:15378	O2,H2O,glyoxylate	oxalate,H2O2,H(+)
RHEA:14993	acetyl-CoA + 2n H(+) + n malonyl-CoA + 2n NADPH = a long-chain fatty acid + n CO2 + (n+1) CoA + 2n NADP(+)	CHEBI:15378,CHEBI:57783,CHEBI:57288,CHEBI:57384	CHEBI:57287,CHEBI:16526,CHEBI:58349,CHEBI:57560	H(+),NADPH,acetyl-CoA,malonyl-CoA	CoA,CO2,NADP(+),a long-chain fatty acid
RHEA:15081	acetate + ATP + CoA = acetyl-CoA + ADP + phosphate	CHEBI:57287,CHEBI:30089,CHEBI:30616	CHEBI:456216,CHEBI:57288,CHEBI:43474	CoA,acetate,ATP	ADP,acetyl-CoA,phosphate
RHEA:15165	H2O + O2 + sarcosine = glyoxylate + H2O2 + methylamine	CHEBI:15379,CHEBI:15377,CHEBI:57433	CHEBI:16240,CHEBI:36655,CHEBI:59338	O2,H2O,sarcosine	H2O2,glyoxylate,methylamine
RHEA:15181	an acyl-CoA(out) + ATP + H2O = ADP + an acyl-CoA(in) + H(+) + phosphate	CHEBI:15377,CHEBI:58342,CHEBI:30616	CHEBI:456216,CHEBI:15378,CHEBI:58342,CHEBI:43474	H2O,an acyl-CoA,ATP	ADP,H(+),an acyl-CoA,phosphate
RHEA:15441	(S)-dihydroorotate + O2 = H2O2 + orotate	CHEBI:15379,CHEBI:30864	CHEBI:16240,CHEBI:30839	O2,(S)-dihydroorotate	H2O2,orotate
RHEA:15609	ATP + D-ribose 5-phosphate = 5-phospho-alpha-D-ribose 1-diphosphate + AMP + H(+)	CHEBI:30616,CHEBI:78346	CHEBI:456215,CHEBI:15378,CHEBI:58017	ATP,D-ribose 5-phosphate	AMP,H(+),5-phospho-alpha-D-ribose 1-diphosphate
RHEA:15641	H(+) + oxaloacetate = CO2 + pyruvate	CHEBI:15378,CHEBI:16452	CHEBI:15361,CHEBI:16526	H(+),oxaloacetate	pyruvate,CO2
RHEA:15821	2 A + glycine = 2 AH2 + CO2 + hydrogen cyanide	CHEBI:13193,CHEBI:57305	CHEBI:17499,CHEBI:18407,CHEBI:16526	A,glycine	AH2,hydrogen cyanide,CO2
RHEA:15981	H(+) + S-adenosyl-L-methionine = CO2 + S-adenosyl 3-(methylsulfanyl)propylamine	CHEBI:15378,CHEBI:59789	CHEBI:57443,CHEBI:16526	H(+),S-adenosyl-L-methionine	S-adenosyl 3-(methylsulfanyl)propylamine,CO2
RHEA:15985	formate + NAD(+) = CO2 + NADH	CHEBI:15740,CHEBI:57540	CHEBI:57945,CHEBI:16526	formate,NAD(+)	NADH,CO2
RHEA:16117	acetoacetate + ATP + CoA = acetoacetyl-CoA + AMP + diphosphate	CHEBI:57287,CHEBI:13705,CHEBI:30616	CHEBI:33019,CHEBI:456215,CHEBI:57286	CoA,acetoacetate,ATP	diphosphate,AMP,acetoacetyl-CoA
RHEA:16169	ATP + L-glutamate + NH4(+) = ADP + H(+) + L-glutamine + phosphate	CHEBI:28938,CHEBI:29985,CHEBI:30616	CHEBI:456216,CHEBI:15378,CHEBI:58359,CHEBI:43474	NH4(+),L-glutamate,ATP	ADP,H(+),L-glutamine,phosphate
RHEA:16385	4-hydroxybenzoate + 2 H(+) + NADPH + O2 = CO2 + H2O + hydroquinone + NADP(+)	CHEBI:15379,CHEBI:15378,CHEBI:57783,CHEBI:17879	CHEBI:15377,CHEBI:17594,CHEBI:16526,CHEBI:58349	O2,H(+),NADPH,4-hydroxybenzoate	H2O,hydroquinone,CO2,NADP(+)
RHEA:16389	4-hydroxybenzoate + 2 H(+) + NADH + O2 = CO2 + H2O + hydroquinone + NAD(+)	CHEBI:15379,CHEBI:57945,CHEBI:15378,CHEBI:17879	CHEBI:15377,CHEBI:17594,CHEBI:57540,CHEBI:16526	O2,NADH,H(+),4-hydroxybenzoate	H2O,hydroquinone,NAD(+),CO2
RHEA:16461	ATP + H2O + urate(in) = ADP + H(+) + phosphate + urate(out)	CHEBI:15377,CHEBI:30616,CHEBI:17775	CHEBI:456216,CHEBI:15378,CHEBI:43474,CHEBI:17775	H2O,ATP,urate	ADP,H(+),phosphate,urate
RHEA:16509	H(+) + oxalate = CO2 + formate	CHEBI:30623,CHEBI:15378	CHEBI:15740,CHEBI:16526	oxalate,H(+)	formate,CO2
RHEA:16513	(S)-lactate + O2 = acetate + CO2 + H2O	CHEBI:15379,CHEBI:16651	CHEBI:15377,CHEBI:16526,CHEBI:30089	O2,(S)-lactate	H2O,CO2,acetate
RHEA:16597	ATP + NH4(+) + UTP = ADP + CTP + 2 H(+) + phosphate	CHEBI:28938,CHEBI:30616,CHEBI:46398	CHEBI:456216,CHEBI:15378,CHEBI:43474,CHEBI:37563	NH4(+),ATP,UTP	ADP,H(+),phosphate,CTP
RHEA:16609	AMP + diphosphate = 5-phospho-alpha-D-ribose 1-diphosphate + adenine	CHEBI:33019,CHEBI:456215	CHEBI:16708,CHEBI:58017	diphosphate,AMP	adenine,5-phospho-alpha-D-ribose 1-diphosphate
RHEA:16777	ATP + H2O + K(+)(out) = ADP + H(+) + K(+)(in) + phosphate	CHEBI:15377,CHEBI:30616,CHEBI:29103	CHEBI:456216,CHEBI:15378,CHEBI:43474,CHEBI:29103	H2O,ATP,K(+)	ADP,H(+),phosphate,K(+)
RHEA:16825	ATP + uridine = ADP + H(+) + UMP	CHEBI:30616,CHEBI:16704	CHEBI:57865,CHEBI:456216,CHEBI:15378	ATP,uridine	UMP,ADP,H(+)
RHEA:16829	an aldehyde + H2O + O2 = a carboxylate + H(+) + H2O2	CHEBI:15379,CHEBI:15377,CHEBI:17478	CHEBI:16240,CHEBI:15378,CHEBI:29067	O2,H2O,an aldehyde	H2O2,H(+),a carboxylate
RHEA:17061	H(+) + NADPH + O2 + phenol = catechol + H2O + NADP(+)	CHEBI:15882,CHEBI:15379,CHEBI:15378,CHEBI:57783	CHEBI:15377,CHEBI:18135,CHEBI:58349	phenol,O2,H(+),NADPH	H2O,catechol,NADP(+)
RHEA:17237	ATP + FMN + H(+) = diphosphate + FAD	CHEBI:58210,CHEBI:15378,CHEBI:30616	CHEBI:57692,CHEBI:33019	FMN,H(+),ATP	FAD,diphosphate
RHEA:17297	2-oxoglutarate + CoA + 2 oxidized [2Fe-2S]-[ferredoxin] = CO2 + H(+) + 2 reduced [2Fe-2S]-[ferredoxin] + succinyl-CoA	GENERIC:10000,CHEBI:57287,CHEBI:16810	GENERIC:10001,CHEBI:15378,CHEBI:16526,CHEBI:57292	oxidized [2Fe-2S]-[ferredoxin],CoA,2-oxoglutarate	reduced [2Fe-2S]-[ferredoxin],H(+),CO2,succinyl-CoA
RHEA:17425	CoA + NADP(+) + pyruvate = acetyl-CoA + CO2 + NADPH	CHEBI:57287,CHEBI:15361,CHEBI:58349	CHEBI:57783,CHEBI:57288,CHEBI:16526	CoA,pyruvate,NADP(+)	NADPH,acetyl-CoA,CO2
RHEA:17641	H(+) + L-arginine = agmatine + CO2	CHEBI:15378,CHEBI:32682	CHEBI:58145,CHEBI:16526	H(+),L-arginine	agmatine,CO2
RHEA:17661	ATP + CoA + succinate = ADP + phosphate + succinyl-CoA	CHEBI:57287,CHEBI:30031,CHEBI:30616	CHEBI:456216,CHEBI:57292,CHEBI:43474	CoA,succinate,ATP	ADP,succinyl-CoA,phosphate
RHEA:17785	H(+) + L-glutamate = 4-aminobutanoate + CO2	CHEBI:29985,CHEBI:15378	CHEBI:16526,CHEBI:59888	L-glutamate,H(+)	CO2,4-aminobutanoate
RHEA:17825	ATP + D-glucose = ADP + D-glucose 6-phosphate + H(+)	CHEBI:4167,CHEBI:30616	CHEBI:456216,CHEBI:15378,CHEBI:61548	D-glucose,ATP	ADP,H(+),D-glucose 6-phosphate
RHEA:17829	A + CO + H2O = AH2 + CO2	CHEBI:15377,CHEBI:13193,CHEBI:17245	CHEBI:17499,CHEBI:16526	H2O,A,CO	AH2,CO2
RHEA:18029	2 ATP + hydrogencarbonate + NH4(+) = 2 ADP + carbamoyl phosphate + 2 H(+) + phosphate	CHEBI:28938,CHEBI:17544,CHEBI:30616	CHEBI:456216,CHEBI:15378,CHEBI:58228,CHEBI:43474	NH4(+),hydrogencarbonate,ATP	ADP,H(+),carbamoyl phosphate,phosphate
RHEA:18033	benzoate + O2 + reduced [NADPH--hemoprotein reductase] = 4-hydroxybenzoate + H(+) + H2O + oxidized [NADPH--hemoprotein reductase]	GENERIC:11964,CHEBI:15379,CHEBI:16150	GENERIC:11965,CHEBI:15377,CHEBI:15378,CHEBI:17879	reduced [NADPH--hemoprotein reductase],O2,benzoate	oxidized [NADPH--hemoprotein reductase],H2O,H(+),4-hydroxybenzoate
RHEA:18113	a ribonucleoside 5'-diphosphate + ATP = a ribonucleoside 5'-triphosphate + ADP	CHEBI:57930,CHEBI:30616	CHEBI:456216,CHEBI:61557	a ribonucleoside 5'-diphosphate,ATP	ADP,a ribonucleoside 5'-triphosphate
RHEA:18157	ATP + pyruvate = ADP + H(+) + phosphoenolpyruvate	CHEBI:15361,CHEBI:30616	CHEBI:456216,CHEBI:15378,CHEBI:58702	pyruvate,ATP	ADP,H(+),phosphoenolpyruvate
RHEA:18253	(S)-malate + NADP(+) = CO2 + NADPH + pyruvate	CHEBI:15589,CHEBI:58349	CHEBI:57783,CHEBI:15361,CHEBI:16526	(S)-malate,NADP(+)	NADPH,pyruvate,CO2
RHEA:18353	ATP + H2O + K(+)(out) + Na(+)(in) = ADP + H(+) + K(+)(in) + Na(+)(out) + phosphate	CHEBI:15377,CHEBI:29101,CHEBI:30616,CHEBI:29103	CHEBI:29101,CHEBI:456216,CHEBI:15378,CHEBI:43474,CHEBI:29103	H2O,Na(+),ATP,K(+)	Na(+),ADP,H(+),phosphate,K(+)
RHEA:18369	O2 + sn-glycerol 3-phosphate = dihydroxyacetone phosphate + H2O2	CHEBI:15379,CHEBI:57597	CHEBI:16240,CHEBI:57642	O2,sn-glycerol 3-phosphate	H2O2,dihydroxyacetone phosphate
RHEA:18385	acetone + ATP + CO2 + 2 H2O = acetoacetate + AMP + 3 H(+) + 2 phosphate	CHEBI:15377,CHEBI:16526,CHEBI:15347,CHEBI:30616	CHEBI:456215,CHEBI:15378,CHEBI:13705,CHEBI:43474	H2O,CO2,acetone,ATP	AMP,H(+),acetoacetate,phosphate
RHEA:18581	ethanolamine + H2O + O2 = glycolaldehyde + H2O2 + NH4(+)	CHEBI:15379,CHEBI:15377,CHEBI:57603	CHEBI:28938,CHEBI:16240,CHEBI:17071	O2,H2O,ethanolamine	NH4(+),H2O2,glycolaldehyde
RHEA:18617	ATP + oxaloacetate = ADP + CO2 + phosphoenolpyruvate	CHEBI:16452,CHEBI:30616	CHEBI:456216,CHEBI:58702,CHEBI:16526	oxaloacetate,ATP	ADP,phosphoenolpyruvate,CO2
RHEA:18629	ATP + NAD(+) = ADP + H(+) + NADP(+)	CHEBI:57540,CHEBI:30616	CHEBI:456216,CHEBI:15378,CHEBI:58349	NAD(+),ATP	ADP,H(+),NADP(+)
RHEA:18633	2 ATP + H2O + hydrogencarbonate + L-glutamine = 2 ADP + carbamoyl phosphate + 2 H(+) + L-glutamate + phosphate	CHEBI:17544,CHEBI:15377,CHEBI:58359,CHEBI:30616	CHEBI:29985,CHEBI:456216,CHEBI:15378,CHEBI:58228,CHEBI:43474	hydrogencarbonate,H2O,L-glutamine,ATP	L-glutamate,ADP,H(+),carbamoyl phosphate,phosphate
RHEA:18781	H(+) + malonyl-CoA = acetyl-CoA + CO2	CHEBI:15378,CHEBI:57384	CHEBI:57288,CHEBI:16526	H(+),malonyl-CoA	acetyl-CoA,CO2
RHEA:19025	H2O + L-aspartate + O2 = H2O2 + NH4(+) + oxaloacetate	CHEBI:15379,CHEBI:15377,CHEBI:29991	CHEBI:28938,CHEBI:16240,CHEBI:16452	O2,H2O,L-aspartate	NH4(+),H2O2,oxaloacetate
RHEA:19261	ATP + H2O + heme b(in) = ADP + H(+) + heme b(out) + phosphate	CHEBI:15377,CHEBI:30616,CHEBI:60344	CHEBI:456216,CHEBI:15378,CHEBI:43474,CHEBI:60344	H2O,ATP,heme b	ADP,H(+),phosphate,heme b
RHEA:19465	NADPH + 2 nitric oxide + 2 O2 = H(+) + NADP(+) + 2 nitrate	CHEBI:15379,CHEBI:57783,CHEBI:16480	CHEBI:15378,CHEBI:58349,CHEBI:17632	O2,NADPH,nitric oxide	H(+),NADP(+),nitrate
RHEA:19469	NADH + 2 nitric oxide + 2 O2 = H(+) + NAD(+) + 2 nitrate	CHEBI:15379,CHEBI:57945,CHEBI:16480	CHEBI:15378,CHEBI:57540,CHEBI:17632	O2,NADH,nitric oxide	H(+),NAD(+),nitrate
RHEA:19473	4-hydroxybenzoate + H(+) + NADH + O2 = 3,4-dihydroxybenzoate + H2O + NAD(+)	CHEBI:15379,CHEBI:57945,CHEBI:15378,CHEBI:17879	CHEBI:15377,CHEBI:36241,CHEBI:57540	O2,NADH,H(+),4-hydroxybenzoate	H2O,3,4-dihydroxybenzoate,NAD(+)
RHEA:19477	4-hydroxybenzoate + H(+) + NADPH + O2 = 3,4-dihydroxybenzoate + H2O + NADP(+)	CHEBI:15379,CHEBI:15378,CHEBI:57783,CHEBI:17879	CHEBI:15377,CHEBI:36241,CHEBI:58349	O2,H(+),NADPH,4-hydroxybenzoate	H2O,3,4-dihydroxybenzoate,NADP(+)
RHEA:19497	H(+) + L-aspartate = beta-alanine + CO2	CHEBI:29991,CHEBI:15378	CHEBI:57966,CHEBI:16526	L-aspartate,H(+)	beta-alanine,CO2
RHEA:19713	(5Z,8Z,11Z,14Z)-eicosatetraenoate + ATP + CoA = (5Z,8Z,11Z,14Z)-eicosatetraenoyl-CoA + AMP + diphosphate	CHEBI:57287,CHEBI:32395,CHEBI:30616	CHEBI:33019,CHEBI:456215,CHEBI:57368	CoA,(5Z,8Z,11Z,14Z)-eicosatetraenoate,ATP	diphosphate,AMP,(5Z,8Z,11Z,14Z)-eicosatetraenoyl-CoA
RHEA:19721	2 [Fe(II)-cytochrome b5] + 2 H(+) + O2 + octadecanoyl-CoA = (9Z)-octadecenoyl-CoA + 2 [Fe(III)-cytochrome b5] + 2 H2O	CHEBI:15379,CHEBI:15378,CHEBI:57394,GENERIC:10438	CHEBI:15377,CHEBI:57387,GENERIC:10439	O2,H(+),octadecanoyl-CoA,[Fe(II)-cytochrome b5]	H2O,(9Z)-octadecenoyl-CoA,[Fe(III)-cytochrome b5]
RHEA:19729	acetoacetate + H(+) = acetone + CO2	CHEBI:15378,CHEBI:13705	CHEBI:16526,CHEBI:15347	H(+),acetoacetate	CO2,acetone
RHEA:19897	H(+) + 2 L-arginine + 3 NADPH + 4 O2 = 4 H2O + 2 L-citrulline + 3 NADP(+) + 2 nitric oxide	CHEBI:15379,CHEBI:15378,CHEBI:57783,CHEBI:32682	CHEBI:15377,CHEBI:16480,CHEBI:57743,CHEBI:58349	O2,H(+),NADPH,L-arginine	H2O,nitric oxide,L-citrulline,NADP(+)
RHEA:19937	glycine + S-adenosyl-L-methionine = H(+) + S-adenosyl-L-homocysteine + sarcosine	CHEBI:57305,CHEBI:59789	CHEBI:15378,CHEBI:57856,CHEBI:57433	glycine,S-adenosyl-L-methionine	H(+),S-adenosyl-L-homocysteine,sarcosine
RHEA:19969	hydroxylamine + O2 = H(+) + H2O + nitrite	CHEBI:15379,CHEBI:15429	CHEBI:15377,CHEBI:15378,CHEBI:16301	O2,hydroxylamine	H2O,H(+),nitrite
RHEA:20129	AMP + H2O = adenine + D-ribose 5-phosphate	CHEBI:15377,CHEBI:456215	CHEBI:16708,CHEBI:78346	H2O,AMP	adenine,D-ribose 5-phosphate
RHEA:20309	2 H2O2 = 2 H2O + O2	CHEBI:16240	CHEBI:15379,CHEBI:15377	H2O2	O2,H2O
RHEA:20373	ATP + CoA + propanoate = AMP + diphosphate + propanoyl-CoA	CHEBI:57287,CHEBI:17272,CHEBI:30616	CHEBI:33019,CHEBI:456215,CHEBI:57392	CoA,propanoate,ATP	diphosphate,AMP,propanoyl-CoA
RHEA:20557	2 H(+) + H2O + urea = CO2 + 2 NH4(+)	CHEBI:15377,CHEBI:16199,CHEBI:15378	CHEBI:28938,CHEBI:16526	H2O,urea,H(+)	NH4(+),CO2
RHEA:20728	H2O + L-glutamate + O2 = 2-oxoglutarate + H2O2 + NH4(+)	CHEBI:15379,CHEBI:15377,CHEBI:29985	CHEBI:28938,CHEBI:16810,CHEBI:16240	O2,H2O,L-glutamate	NH4(+),2-oxoglutarate,H2O2
RHEA:20780	ATP + GMP = ADP + GDP	CHEBI:58115,CHEBI:30616	CHEBI:456216,CHEBI:58189	GMP,ATP	ADP,GDP
RHEA:20824	adenosine + ATP = ADP + AMP + H(+)	CHEBI:16335,CHEBI:30616	CHEBI:456215,CHEBI:456216,CHEBI:15378	adenosine,ATP	AMP,ADP,H(+)
RHEA:20828	1,2-diacyl-sn-glycero-3-phospho-L-serine + H(+) = a 1,2-diacyl-sn-glycero-3-phosphoethanolamine + CO2	CHEBI:15378,CHEBI:57262	CHEBI:16526,CHEBI:64612	H(+),1,2-diacyl-sn-glycero-3-phospho-L-serine	CO2,a 1,2-diacyl-sn-glycero-3-phosphoethanolamine
RHEA:20832	ATP + guanine(out) + H2O = ADP + guanine(in) + H(+) + phosphate	CHEBI:15377,CHEBI:16235,CHEBI:30616	CHEBI:16235,CHEBI:456216,CHEBI:15378,CHEBI:43474	H2O,guanine,ATP	guanine,ADP,H(+),phosphate
RHEA:20844	ATP + hydrogencarbonate + pyruvate = ADP + H(+) + oxaloacetate + phosphate	CHEBI:17544,CHEBI:15361,CHEBI:30616	CHEBI:456216,CHEBI:15378,CHEBI:16452,CHEBI:43474	hydrogencarbonate,pyruvate,ATP	ADP,H(+),oxaloacetate,phosphate
RHEA:20848	H(+) + O2 + phosphate + pyruvate = acetyl phosphate + CO2 + H2O2	CHEBI:15379,CHEBI:15378,CHEBI:15361,CHEBI:43474	CHEBI:16240,CHEBI:22191,CHEBI:16526	O2,H(+),pyruvate,phosphate	H2O2,acetyl phosphate,CO2
RHEA:20852	ATP + H(+)(in) + H2O = ADP + 2 H(+)(out) + phosphate	CHEBI:15377,CHEBI:15378,CHEBI:30616	CHEBI:456216,CHEBI:15378,CHEBI:43474	H2O,H(+),ATP	ADP,H(+),phosphate
RHEA:20988	ATP + 2 H2O = AMP + 2 H(+) + 2 phosphate	CHEBI:15377,CHEBI:30616	CHEBI:456215,CHEBI:15378,CHEBI:43474	H2O,ATP	AMP,H(+),phosphate
RHEA:21040	CO + H2O + 2 oxidized [2Fe-2S]-[ferredoxin] = CO2 + 2 H(+) + 2 reduced [2Fe-2S]-[ferredoxin]	GENERIC:10000,CHEBI:15377,CHEBI:17245	GENERIC:10001,CHEBI:15378,CHEBI:16526	oxidized [2Fe-2S]-[ferredoxin],H2O,CO	reduced [2Fe-2S]-[ferredoxin],H(+),CO2
RHEA:21080	ATP + H2O + L-methionine = diphosphate + phosphate + S-adenosyl-L-methionine	CHEBI:15377,CHEBI:57844,CHEBI:30616	CHEBI:33019,CHEBI:43474,CHEBI:59789	H2O,L-methionine,ATP	diphosphate,phosphate,S-adenosyl-L-methionine
RHEA:21132	H2O + O2 + xanthine = H2O2 + urate	CHEBI:15379,CHEBI:15377,CHEBI:17712	CHEBI:16240,CHEBI:17775	O2,H2O,xanthine	H2O2,urate
RHEA:21140	ATP + inosine = ADP + H(+) + IMP	CHEBI:30616,CHEBI:17596	CHEBI:58053,CHEBI:456216,CHEBI:15378	ATP,inosine	IMP,ADP,H(+)
RHEA:21160	acetyl-CoA + ADP + oxaloacetate + phosphate = ATP + citrate + CoA	CHEBI:456216,CHEBI:57288,CHEBI:16452,CHEBI:43474	CHEBI:57287,CHEBI:16947,CHEBI:30616	ADP,acetyl-CoA,oxaloacetate,phosphate	CoA,citrate,ATP
RHEA:21396	(S)-methylmalonyl-CoA + H(+)(out) + Na(+)(in) = CO2 + Na(+)(out) + propanoyl-CoA	CHEBI:29101,CHEBI:15378,CHEBI:57327	CHEBI:29101,CHEBI:57392,CHEBI:16526	Na(+),H(+),(S)-methylmalonyl-CoA	Na(+),propanoyl-CoA,CO2
RHEA:21400	2-oxoglutarate + CoA + NADP(+) = CO2 + NADPH + succinyl-CoA	CHEBI:57287,CHEBI:16810,CHEBI:58349	CHEBI:57783,CHEBI:16526,CHEBI:57292	CoA,2-oxoglutarate,NADP(+)	NADPH,CO2,succinyl-CoA
RHEA:21644	ATP + glycerol = ADP + H(+) + sn-glycerol 3-phosphate	CHEBI:17754,CHEBI:30616	CHEBI:456216,CHEBI:15378,CHEBI:57597	glycerol,ATP	ADP,H(+),sn-glycerol 3-phosphate
RHEA:21668	ATP + H2O + sn-glycerol 3-phosphate(out) = ADP + H(+) + phosphate + sn-glycerol 3-phosphate(in)	CHEBI:15377,CHEBI:57597,CHEBI:30616	CHEBI:456216,CHEBI:15378,CHEBI:57597,CHEBI:43474	H2O,sn-glycerol 3-phosphate,ATP	ADP,H(+),sn-glycerol 3-phosphate,phosphate
RHEA:21804	ATP + myo-inositol = 1D-myo-inositol 3-phosphate + ADP + H(+)	CHEBI:17268,CHEBI:30616	CHEBI:456216,CHEBI:15378,CHEBI:58401	myo-inositol,ATP	ADP,H(+),1D-myo-inositol 3-phosphate
RHEA:21820	L-homocysteine + S-adenosyl-L-methionine = H(+) + L-methionine + S-adenosyl-L-homocysteine	CHEBI:58199,CHEBI:59789	CHEBI:57844,CHEBI:15378,CHEBI:57856	L-homocysteine,S-adenosyl-L-methionine	L-methionine,H(+),S-adenosyl-L-homocysteine
RHEA:21880	2 H(+) + O2 + oxalate = 2 CO2 + H2O2	CHEBI:15379,CHEBI:30623,CHEBI:15378	CHEBI:16240,CHEBI:16526	O2,oxalate,H(+)	H2O2,CO2
RHEA:21912	CoA + H(+) + O2 + pyruvate = acetyl-CoA + CO2 + H2O2	CHEBI:15379,CHEBI:57287,CHEBI:15378,CHEBI:15361	CHEBI:16240,CHEBI:57288,CHEBI:16526	O2,CoA,H(+),pyruvate	H2O2,acetyl-CoA,CO2
RHEA:21940	AH2 + O2 + squalene = (S)-2,3-epoxysqualene + A + H2O	CHEBI:15379,CHEBI:17499,CHEBI:15440	CHEBI:15377,CHEBI:15441,CHEBI:13193	O2,AH2,squalene	H2O,(S)-2,3-epoxysqualene,A
RHEA:22044	ATP + H(+)(in) + H2O + K(+)(out) = ADP + 2 H(+)(out) + K(+)(in) + phosphate	CHEBI:15377,CHEBI:15378,CHEBI:30616,CHEBI:29103	CHEBI:456216,CHEBI:15378,CHEBI:43474,CHEBI:29103	H2O,H(+),ATP,K(+)	ADP,H(+),phosphate,K(+)
RHEA:22132	ATP + D-maltose(out) + H2O = ADP + D-maltose(in) + H(+) + phosphate	CHEBI:15377,CHEBI:17306,CHEBI:30616	CHEBI:17306,CHEBI:456216,CHEBI:15378,CHEBI:43474	H2O,D-maltose,ATP	D-maltose,ADP,H(+),phosphate
RHEA:22356	diphosphate + oxaloacetate = CO2 + phosphate + phosphoenolpyruvate	CHEBI:33019,CHEBI:16452	CHEBI:58702,CHEBI:16526,CHEBI:43474	diphosphate,oxaloacetate	phosphoenolpyruvate,CO2,phosphate
RHEA:22416	3,4-dihydroxybenzoate + H(+) = catechol + CO2	CHEBI:36241,CHEBI:15378	CHEBI:18135,CHEBI:16526	3,4-dihydroxybenzoate,H(+)	catechol,CO2
RHEA:22548	H2O + L-lysine + O2 = (S)-2-amino-6-oxohexanoate + H2O2 + NH4(+)	CHEBI:15379,CHEBI:15377,CHEBI:32551	CHEBI:28938,CHEBI:16240,CHEBI:58321	O2,H2O,L-lysine	NH4(+),H2O2,(S)-2-amino-6-oxohexanoate
RHEA:22688	D-alanine + H2O + O2 = H2O2 + NH4(+) + pyruvate	CHEBI:15379,CHEBI:15377,CHEBI:57416	CHEBI:28938,CHEBI:16240,CHEBI:15361	O2,H2O,D-alanine	NH4(+),H2O2,pyruvate
RHEA:22720	ATP + L-histidyl-[protein] = ADP + H(+) + N(pros)-phospho-L-histidyl-[protein]	CHEBI:30616,GENERIC:9745	GENERIC:9746,CHEBI:456216,CHEBI:15378	ATP,L-histidyl-[protein]	N(pros)-phospho-L-histidyl-[protein],ADP,H(+)
RHEA:22964	H(+) + L-ornithine = CO2 + putrescine	CHEBI:46911,CHEBI:15378	CHEBI:16526,CHEBI:326268	L-ornithine,H(+)	CO2,putrescine
RHEA:22988	3-oxopropanoate + CoA + NADP(+) = acetyl-CoA + CO2 + NADPH	CHEBI:57287,CHEBI:58349,CHEBI:33190	CHEBI:57783,CHEBI:57288,CHEBI:16526	CoA,NADP(+),3-oxopropanoate	NADPH,acetyl-CoA,CO2
RHEA:22992	3-oxopropanoate + CoA + NAD(+) = acetyl-CoA + CO2 + NADH	CHEBI:57287,CHEBI:57540,CHEBI:33190	CHEBI:57945,CHEBI:57288,CHEBI:16526	CoA,NAD(+),3-oxopropanoate	NADH,acetyl-CoA,CO2
RHEA:23072	H(+) + oxaloacetate + phosphate = CO2 + H2O + phosphoenolpyruvate	CHEBI:15378,CHEBI:16452,CHEBI:43474	CHEBI:15377,CHEBI:58702,CHEBI:16526	H(+),oxaloacetate,phosphate	H2O,phosphoenolpyruvate,CO2
RHEA:23176	acetate + ATP + CoA = acetyl-CoA + AMP + diphosphate	CHEBI:57287,CHEBI:30089,CHEBI:30616	CHEBI:33019,CHEBI:456215,CHEBI:57288	CoA,acetate,ATP	diphosphate,AMP,acetyl-CoA
RHEA:23516	(R)-glycerate + ATP = (2R)-3-phosphoglycerate + ADP + H(+)	CHEBI:16659,CHEBI:30616	CHEBI:456216,CHEBI:15378,CHEBI:58272	(R)-glycerate,ATP	ADP,H(+),(2R)-3-phosphoglycerate
RHEA:23696	myo-inositol + O2 = D-glucuronate + H(+) + H2O	CHEBI:15379,CHEBI:17268	CHEBI:15377,CHEBI:15378,CHEBI:58720	O2,myo-inositol	H2O,H(+),D-glucuronate
RHEA:23720	ATP + hydrogencarbonate + propanoyl-CoA = (S)-methylmalonyl-CoA + ADP + H(+) + phosphate	CHEBI:17544,CHEBI:57392,CHEBI:30616	CHEBI:456216,CHEBI:15378,CHEBI:43474,CHEBI:57327	hydrogencarbonate,propanoyl-CoA,ATP	ADP,H(+),phosphate,(S)-methylmalonyl-CoA
RHEA:23916	H(+) + UDP-alpha-D-glucuronate = CO2 + UDP-alpha-D-xylose	CHEBI:15378,CHEBI:58052	CHEBI:57632,CHEBI:16526	H(+),UDP-alpha-D-glucuronate	UDP-alpha-D-xylose,CO2
RHEA:24112	2 glutathione + O2 = glutathione disulfide + H2O2	CHEBI:15379,CHEBI:57925	CHEBI:58297,CHEBI:16240	O2,glutathione	glutathione disulfide,H2O2
RHEA:24128	ATP + chloride(out) + H2O = ADP + chloride(in) + H(+) + phosphate	CHEBI:15377,CHEBI:17996,CHEBI:30616	CHEBI:456216,CHEBI:15378,CHEBI:17996,CHEBI:43474	H2O,chloride,ATP	ADP,H(+),chloride,phosphate
RHEA:24336	a carboxylate + ATP + CoA = AMP + an acyl-CoA + diphosphate	CHEBI:57287,CHEBI:29067,CHEBI:30616	CHEBI:33019,CHEBI:456215,CHEBI:58342	CoA,a carboxylate,ATP	diphosphate,AMP,an acyl-CoA
RHEA:24400	ATP + UMP = ADP + UDP	CHEBI:57865,CHEBI:30616	CHEBI:58223,CHEBI:456216	UMP,ATP	UDP,ADP
RHEA:24440	ATP + H2O + phosphate(out) = ADP + H(+) + 2 phosphate(in)	CHEBI:15377,CHEBI:43474,CHEBI:30616	CHEBI:456216,CHEBI:15378,CHEBI:43474	H2O,phosphate,ATP	ADP,H(+),phosphate
RHEA:24600	H2O + O2 + sulfite = H2O2 + sulfate	CHEBI:15379,CHEBI:15377,CHEBI:17359	CHEBI:16240,CHEBI:16189	O2,H2O,sulfite	H2O2,sulfate
RHEA:25098	ATP + UDP = ADP + UTP	CHEBI:58223,CHEBI:30616	CHEBI:456216,CHEBI:46398	UDP,ATP	ADP,UTP
RHEA:25237	ATP + CDP = ADP + CTP	CHEBI:58069,CHEBI:30616	CHEBI:456216,CHEBI:37563	CDP,ATP	ADP,CTP
RHEA:25282	O2 + reduced [NADPH--hemoprotein reductase] + squalene = (S)-2,3-epoxysqualene + H(+) + H2O + oxidized [NADPH--hemoprotein reductase]	GENERIC:11964,CHEBI:15379,CHEBI:15440	GENERIC:11965,CHEBI:15377,CHEBI:15441,CHEBI:15378	reduced [NADPH--hemoprotein reductase],O2,squalene	oxidized [NADPH--hemoprotein reductase],H2O,(S)-2,3-epoxysqualene,H(+)
RHEA:25311	glycolate + O2 = glyoxylate + H2O2	CHEBI:15379,CHEBI:29805	CHEBI:16240,CHEBI:36655	O2,glycolate	H2O2,glyoxylate
RHEA:25416	AH2 + O2 + octadecanoyl-CoA = (9Z)-octadecenoyl-CoA + A + 2 H2O	CHEBI:15379,CHEBI:17499,CHEBI:57394	CHEBI:15377,CHEBI:13193,CHEBI:57387	O2,AH2,octadecanoyl-CoA	H2O,A,(9Z)-octadecenoyl-CoA
RHEA:25856	(9Z)-octadecenoyl-CoA + 2 [Fe(II)-cytochrome b5] + 2 H(+) + O2 = (9Z,12Z)-octadecadienoyl-CoA + 2 [Fe(III)-cytochrome b5] + 2 H2O	CHEBI:15379,CHEBI:15378,CHEBI:57387,GENERIC:10438	CHEBI:57383,CHEBI:15377,GENERIC:10439	O2,H(+),(9Z)-octadecenoyl-CoA,[Fe(II)-cytochrome b5]	(9Z,12Z)-octadecadienoyl-CoA,H2O,[Fe(III)-cytochrome b5]
RHEA:25896	H(+) + malonate = acetate + CO2	CHEBI:15378,CHEBI:15792	CHEBI:16526,CHEBI:30089	H(+),malonate	CO2,acetate
RHEA:26426	ATP + H2O + L-glutamine + UTP = ADP + CTP + 2 H(+) + L-glutamate + phosphate	CHEBI:15377,CHEBI:58359,CHEBI:30616,CHEBI:46398	CHEBI:29985,CHEBI:456216,CHEBI:15378,CHEBI:43474,CHEBI:37563	H2O,L-glutamine,ATP,UTP	L-glutamate,ADP,H(+),phosphate,CTP
RHEA:27290	A + formate + H(+) = AH2 + CO2	CHEBI:15740,CHEBI:15378,CHEBI:13193	CHEBI:17499,CHEBI:16526	formate,H(+),A	AH2,CO2
RHEA:27341	AH2 + NH4(+) + O2 = A + H(+) + H2O + hydroxylamine	CHEBI:28938,CHEBI:15379,CHEBI:17499	CHEBI:15377,CHEBI:15429,CHEBI:15378,CHEBI:13193	NH4(+),O2,AH2	H2O,hydroxylamine,H(+),A
RHEA:27405	a ubiquinone + H2O + pyruvate = a ubiquinol + acetate + CO2	CHEBI:15377,CHEBI:15361,POLYMER:9565	CHEBI:16526,CHEBI:30089,POLYMER:9566	H2O,pyruvate,a ubiquinone	CO2,acetate,a ubiquinol
RHEA:27610	formate + H(+) = CO2 + H2	CHEBI:15740,CHEBI:15378	CHEBI:18276,CHEBI:16526	formate,H(+)	H2,CO2
RHEA:27686	ATP + GDP = ADP + GTP	CHEBI:58189,CHEBI:30616	CHEBI:456216,CHEBI:37565	GDP,ATP	ADP,GTP
RHEA:27758	(6S)-5,6,7,8-tetrahydrofolate + glycine + NAD(+) = (6R)-5,10-methylene-5,6,7,8-tetrahydrofolate + CO2 + NADH + NH4(+)	CHEBI:57540,CHEBI:57305,CHEBI:57453	CHEBI:28938,CHEBI:57945,CHEBI:16526,CHEBI:15636	NAD(+),glycine,(6S)-5,6,7,8-tetrahydrofolate	NH4(+),NADH,CO2,(6R)-5,10-methylene-5,6,7,8-tetrahydrofolate
RHEA:27786	2-oxoglutarate + CoA + NAD(+) = CO2 + NADH + succinyl-CoA	CHEBI:57287,CHEBI:16810,CHEBI:57540	CHEBI:57945,CHEBI:16526,CHEBI:57292	CoA,2-oxoglutarate,NAD(+)	NADH,CO2,succinyl-CoA
RHEA:28042	CoA + NAD(+) + pyruvate = acetyl-CoA + CO2 + NADH	CHEBI:57287,CHEBI:57540,CHEBI:15361	CHEBI:57945,CHEBI:57288,CHEBI:16526	CoA,NAD(+),pyruvate	NADH,acetyl-CoA,CO2
RHEA:28250	acetyl-CoA + H(+) + malonyl-CoA = acetoacetyl-CoA + CO2 + CoA	CHEBI:15378,CHEBI:57288,CHEBI:57384	CHEBI:57287,CHEBI:16526,CHEBI:57286	H(+),acetyl-CoA,malonyl-CoA	CoA,CO2,acetoacetyl-CoA
RHEA:29035	ATP + H2O + L-glutamate(out) = ADP + H(+) + L-glutamate(in) + phosphate	CHEBI:15377,CHEBI:29985,CHEBI:30616	CHEBI:29985,CHEBI:456216,CHEBI:15378,CHEBI:43474	H2O,L-glutamate,ATP	L-glutamate,ADP,H(+),phosphate
RHEA:29039	ATP + H2O + L-aspartate(out) = ADP + H(+) + L-aspartate(in) + phosphate	CHEBI:15377,CHEBI:29991,CHEBI:30616	CHEBI:29991,CHEBI:456216,CHEBI:15378,CHEBI:43474	H2O,L-aspartate,ATP	L-aspartate,ADP,H(+),phosphate
RHEA:29063	a menaquinone + formate + H(+) = a menaquinol + CO2	CHEBI:15740,CHEBI:15378,POLYMER:9537	CHEBI:16526,POLYMER:9539	formate,H(+),a menaquinone	CO2,a menaquinol
RHEA:29067	formate + H(+) + menaquinone-8 = CO2 + menaquinol-8	CHEBI:44027,CHEBI:15740,CHEBI:15378	CHEBI:61684,CHEBI:16526	menaquinone-8,formate,H(+)	menaquinol-8,CO2
RHEA:29071	a ubiquinone + formate + H(+) = a ubiquinol + CO2	CHEBI:15740,CHEBI:15378,POLYMER:9565	CHEBI:16526,POLYMER:9566	formate,H(+),a ubiquinone	CO2,a ubiquinol
RHEA:29075	formate(out) + 2 H(+)(in) + ubiquinone-8 = CO2(out) + H(+)(out) + ubiquinol-8	CHEBI:61683,CHEBI:15740,CHEBI:15378	CHEBI:61682,CHEBI:15378,CHEBI:16526	ubiquinone-8,formate,H(+)	ubiquinol-8,H(+),CO2
RHEA:29167	H2O + pyruvate + ubiquinone-8 = acetate + CO2 + ubiquinol-8	CHEBI:61683,CHEBI:15377,CHEBI:15361	CHEBI:61682,CHEBI:16526,CHEBI:30089	ubiquinone-8,H2O,pyruvate	ubiquinol-8,CO2,acetate
RHEA:29375	AMP + H2O = adenosine + phosphate	CHEBI:15377,CHEBI:456215	CHEBI:16335,CHEBI:43474	H2O,AMP	adenosine,phosphate
RHEA:29423	ATP + diphosphate = ADP + H(+) + triphosphate	CHEBI:33019,CHEBI:30616	CHEBI:456216,CHEBI:15378,CHEBI:18036	diphosphate,ATP	ADP,H(+),triphosphate
RHEA:29431	ATP + phosphate = ADP + diphosphate	CHEBI:43474,CHEBI:30616	CHEBI:33019,CHEBI:456216	phosphate,ATP	diphosphate,ADP
RHEA:29779	ATP + H2O + L-methionine(out) = ADP + H(+) + L-methionine(in) + phosphate	CHEBI:15377,CHEBI:57844,CHEBI:30616	CHEBI:57844,CHEBI:456216,CHEBI:15378,CHEBI:43474	H2O,L-methionine,ATP	L-methionine,ADP,H(+),phosphate
RHEA:29783	ATP + H2O + L-cysteine(in) = ADP + H(+) + L-cysteine(out) + phosphate	CHEBI:15377,CHEBI:35235,CHEBI:30616	CHEBI:35235,CHEBI:456216,CHEBI:15378,CHEBI:43474	H2O,L-cysteine,ATP	L-cysteine,ADP,H(+),phosphate
RHEA:29787	ATP + glutathione(in) + H2O = ADP + glutathione(out) + H(+) + phosphate	CHEBI:15377,CHEBI:57925,CHEBI:30616	CHEBI:456216,CHEBI:15378,CHEBI:57925,CHEBI:43474	H2O,glutathione,ATP	ADP,H(+),glutathione,phosphate
RHEA:29791	ATP + glutathione(out) + H2O = ADP + glutathione(in) + H(+) + phosphate	CHEBI:15377,CHEBI:57925,CHEBI:30616	CHEBI:456216,CHEBI:15378,CHEBI:57925,CHEBI:43474	H2O,glutathione,ATP	ADP,H(+),glutathione,phosphate
RHEA:29803	ATP + H2O + L-valine(in) = ADP + H(+) + L-valine(out) + phosphate	CHEBI:57762,CHEBI:15377,CHEBI:30616	CHEBI:57762,CHEBI:456216,CHEBI:15378,CHEBI:43474	L-valine,H2O,ATP	L-valine,ADP,H(+),phosphate
RHEA:29807	ATP + H2O + L-leucine(out) = ADP + H(+) + L-leucine(in) + phosphate	CHEBI:15377,CHEBI:57427,CHEBI:30616	CHEBI:456216,CHEBI:15378,CHEBI:57427,CHEBI:43474	H2O,L-leucine,ATP	ADP,H(+),L-leucine,phosphate
RHEA:29815	ATP + H2O + L-proline(out) = ADP + H(+) + L-proline(in) + phosphate	CHEBI:15377,CHEBI:60039,CHEBI:30616	CHEBI:456216,CHEBI:60039,CHEBI:15378,CHEBI:43474	H2O,L-proline,ATP	ADP,L-proline,H(+),phosphate
RHEA:29819	ATP + H2O + L-isoleucine(out) = ADP + H(+) + L-isoleucine(in) + phosphate	CHEBI:15377,CHEBI:58045,CHEBI:30616	CHEBI:58045,CHEBI:456216,CHEBI:15378,CHEBI:43474	H2O,L-isoleucine,ATP	L-isoleucine,ADP,H(+),phosphate
RHEA:29843	ATP + CoA + propanoate = ADP + phosphate + propanoyl-CoA	CHEBI:57287,CHEBI:17272,CHEBI:30616	CHEBI:456216,CHEBI:57392,CHEBI:43474	CoA,propanoate,ATP	ADP,propanoyl-CoA,phosphate
RHEA:29863	AMP + GTP = ADP + GDP	CHEBI:456215,CHEBI:37565	CHEBI:456216,CHEBI:58189	AMP,GTP	ADP,GDP
RHEA:29871	ATP + H2O + thiosulfate(out) = ADP + H(+) + phosphate + thiosulfate(in)	CHEBI:15377,CHEBI:33542,CHEBI:30616	CHEBI:456216,CHEBI:15378,CHEBI:43474,CHEBI:33542	H2O,thiosulfate,ATP	ADP,H(+),phosphate,thiosulfate
RHEA:29879	ATP + H2O + L-arginine(out) = ADP + H(+) + L-arginine(in) + phosphate	CHEBI:15377,CHEBI:32682,CHEBI:30616	CHEBI:456216,CHEBI:15378,CHEBI:32682,CHEBI:43474	H2O,L-arginine,ATP	ADP,H(+),L-arginine,phosphate
RHEA:29883	ATP + H2O + L-ornithine(out) = ADP + H(+) + L-ornithine(in) + phosphate	CHEBI:15377,CHEBI:46911,CHEBI:30616	CHEBI:46911,CHEBI:456216,CHEBI:15378,CHEBI:43474	H2O,L-ornithine,ATP	L-ornithine,ADP,H(+),phosphate
RHEA:29887	ATP + H2O + L-lysine(out) = ADP + H(+) + L-lysine(in) + phosphate	CHEBI:15377,CHEBI:32551,CHEBI:30616	CHEBI:456216,CHEBI:32551,CHEBI:15378,CHEBI:43474	H2O,L-lysine,ATP	ADP,L-lysine,H(+),phosphate
RHEA:29891	ATP + H2O + L-histidine(out) = ADP + H(+) + L-histidine(in) + phosphate	CHEBI:15377,CHEBI:30616,CHEBI:57595	CHEBI:456216,CHEBI:15378,CHEBI:43474,CHEBI:57595	H2O,ATP,L-histidine	ADP,H(+),phosphate,L-histidine
RHEA:29895	ATP + H2O + L-glutamine(out) = ADP + H(+) + L-glutamine(in) + phosphate	CHEBI:15377,CHEBI:58359,CHEBI:30616	CHEBI:456216,CHEBI:15378,CHEBI:58359,CHEBI:43474	H2O,L-glutamine,ATP	ADP,H(+),L-glutamine,phosphate
RHEA:29899	ATP + D-xylose(out) + H2O = ADP + D-xylose(in) + H(+) + phosphate	CHEBI:15377,CHEBI:53455,CHEBI:30616	CHEBI:456216,CHEBI:15378,CHEBI:43474,CHEBI:53455	H2O,D-xylose,ATP	ADP,H(+),phosphate,D-xylose
RHEA:29903	ATP + D-ribose(out) + H2O = ADP + D-ribose(in) + H(+) + phosphate	CHEBI:15377,CHEBI:47013,CHEBI:30616	CHEBI:456216,CHEBI:15378,CHEBI:43474,CHEBI:47013	H2O,D-ribose,ATP	ADP,H(+),phosphate,D-ribose
RHEA:29911	ATP + H2O + N-acetyl-D-glucosamine(in) = ADP + H(+) + N-acetyl-D-glucosamine(out) + phosphate	CHEBI:15377,CHEBI:30616,CHEBI:506227	CHEBI:456216,CHEBI:15378,CHEBI:43474,CHEBI:506227	H2O,ATP,N-acetyl-D-glucosamine	ADP,H(+),phosphate,N-acetyl-D-glucosamine
RHEA:29995	ATP + H2O + putrescine(out) = ADP + H(+) + phosphate + putrescine(in)	CHEBI:15377,CHEBI:326268,CHEBI:30616	CHEBI:456216,CHEBI:15378,CHEBI:326268,CHEBI:43474	H2O,putrescine,ATP	ADP,H(+),putrescine,phosphate
RHEA:29999	ATP + H2O + spermidine(out) = ADP + H(+) + phosphate + spermidine(in)	CHEBI:15377,CHEBI:57834,CHEBI:30616	CHEBI:57834,CHEBI:456216,CHEBI:15378,CHEBI:43474	H2O,spermidine,ATP	spermidine,ADP,H(+),phosphate
RHEA:30243	4 L-ascorbate + O2 = 2 H2O + 4 monodehydro-L-ascorbate radical	CHEBI:15379,CHEBI:38290	CHEBI:15377,CHEBI:59513	O2,L-ascorbate	H2O,monodehydro-L-ascorbate radical
RHEA:30251	2 a ubiquinol + n H(+)(in) + O2 = 2 a ubiquinone + n H(+)(out) + 2 H2O	CHEBI:15379,CHEBI:15378,POLYMER:9566	CHEBI:15377,CHEBI:15378,POLYMER:9565	O2,H(+),a ubiquinol	H2O,H(+),a ubiquinone
RHEA:30255	2 a ubiquinol + O2 = 2 a ubiquinone + 2 H2O	CHEBI:15379,POLYMER:9566	CHEBI:15377,POLYMER:9565	O2,a ubiquinol	H2O,a ubiquinone
RHEA:30259	2 a menaquinol + O2 = 2 a menaquinone + 2 H2O	CHEBI:15379,POLYMER:9539	CHEBI:15377,POLYMER:9537	O2,a menaquinol	H2O,a menaquinone
RHEA:30703	H(+) + salicylate = CO2 + phenol	CHEBI:30762,CHEBI:15378	CHEBI:15882,CHEBI:16526	salicylate,H(+)	phenol,CO2
RHEA:30723	A + 2 ADP + H(+) + NH4(+) + 2 phosphate = AH2 + 2 ATP + H2O + hydroxylamine	CHEBI:28938,CHEBI:456216,CHEBI:15378,CHEBI:13193,CHEBI:43474	CHEBI:15377,CHEBI:17499,CHEBI:15429,CHEBI:30616	NH4(+),ADP,H(+),A,phosphate	H2O,AH2,hydroxylamine,ATP
RHEA:30751	ATP + CoA + hexadecanoate = AMP + diphosphate + hexadecanoyl-CoA	CHEBI:57287,CHEBI:7896,CHEBI:30616	CHEBI:33019,CHEBI:456215,CHEBI:57379	CoA,hexadecanoate,ATP	diphosphate,AMP,hexadecanoyl-CoA
RHEA:31355	dimethyl sulfide + H(+) + NADH + O2 = formaldehyde + H2O + methanethiol + NAD(+)	CHEBI:15379,CHEBI:57945,CHEBI:17437,CHEBI:15378	CHEBI:15377,CHEBI:16842,CHEBI:16007,CHEBI:57540	O2,NADH,dimethyl sulfide,H(+)	H2O,formaldehyde,methanethiol,NAD(+)
RHEA:32135	2-oxobutanoate + CoA + 2 oxidized [2Fe-2S]-[ferredoxin] = CO2 + H(+) + propanoyl-CoA + 2 reduced [2Fe-2S]-[ferredoxin]	GENERIC:10000,CHEBI:57287,CHEBI:16763	GENERIC:10001,CHEBI:15378,CHEBI:57392,CHEBI:16526	oxidized [2Fe-2S]-[ferredoxin],CoA,2-oxobutanoate	reduced [2Fe-2S]-[ferredoxin],H(+),propanoyl-CoA,CO2
RHEA:32139	ATP + CoA + malonate = AMP + diphosphate + malonyl-CoA	CHEBI:57287,CHEBI:30616,CHEBI:15792	CHEBI:33019,CHEBI:456215,CHEBI:57384	CoA,ATP,malonate	diphosphate,AMP,malonyl-CoA
RHEA:32291	phosphoethanolamine + 3 S-adenosyl-L-methionine = 3 H(+) + phosphocholine + 3 S-adenosyl-L-homocysteine	CHEBI:58190,CHEBI:59789	CHEBI:15378,CHEBI:57856,CHEBI:295975	phosphoethanolamine,S-adenosyl-L-methionine	H(+),S-adenosyl-L-homocysteine,phosphocholine
RHEA:32467	2 S-adenosyl-L-methionine + sarcosine = betaine + 2 H(+) + 2 S-adenosyl-L-homocysteine	CHEBI:57433,CHEBI:59789	CHEBI:15378,CHEBI:57856,CHEBI:17750	sarcosine,S-adenosyl-L-methionine	H(+),S-adenosyl-L-homocysteine,betaine
RHEA:32475	glycine + 3 S-adenosyl-L-methionine = betaine + 3 H(+) + 3 S-adenosyl-L-homocysteine	CHEBI:57305,CHEBI:59789	CHEBI:15378,CHEBI:57856,CHEBI:17750	glycine,S-adenosyl-L-methionine	H(+),S-adenosyl-L-homocysteine,betaine
RHEA:32783	ATP + betaine(out) + H2O = ADP + betaine(in) + H(+) + phosphate	CHEBI:15377,CHEBI:17750,CHEBI:30616	CHEBI:456216,CHEBI:15378,CHEBI:17750,CHEBI:43474	H2O,betaine,ATP	ADP,H(+),betaine,phosphate
RHEA:32795	ATP + H2O + L-cysteine(out) = ADP + H(+) + L-cysteine(in) + phosphate	CHEBI:15377,CHEBI:35235,CHEBI:30616	CHEBI:35235,CHEBI:456216,CHEBI:15378,CHEBI:43474	H2O,L-cysteine,ATP	L-cysteine,ADP,H(+),phosphate
RHEA:32803	ATP + H2O + urea(out) = ADP + H(+) + phosphate + urea(in)	CHEBI:15377,CHEBI:16199,CHEBI:30616	CHEBI:456216,CHEBI:16199,CHEBI:15378,CHEBI:43474	H2O,urea,ATP	ADP,urea,H(+),phosphate
RHEA:33223	2-oxobutanoate + CoA + NAD(+) = CO2 + NADH + propanoyl-CoA	CHEBI:57287,CHEBI:57540,CHEBI:16763	CHEBI:57945,CHEBI:57392,CHEBI:16526	CoA,NAD(+),2-oxobutanoate	NADH,propanoyl-CoA,CO2
RHEA:33439	glyoxal + H2O + O2 = glyoxylate + H(+) + H2O2	CHEBI:34779,CHEBI:15379,CHEBI:15377	CHEBI:16240,CHEBI:36655,CHEBI:15378	glyoxal,O2,H2O	H2O2,glyoxylate,H(+)
RHEA:33519	2 [Fe(II)-cytochrome b5] + 2 H(+) + O2 + sphinganine = 4-hydroxysphinganine + 2 [Fe(III)-cytochrome b5] + H2O	CHEBI:15379,CHEBI:15378,GENERIC:10438,CHEBI:57817	CHEBI:64124,CHEBI:15377,GENERIC:10439	O2,H(+),[Fe(II)-cytochrome b5],sphinganine	4-hydroxysphinganine,H2O,[Fe(III)-cytochrome b5]
RHEA:33607	(9Z)-octadecenoate + ATP + CoA = (9Z)-octadecenoyl-CoA + AMP + diphosphate	CHEBI:57287,CHEBI:30616,CHEBI:30823	CHEBI:33019,CHEBI:456215,CHEBI:57387	CoA,ATP,(9Z)-octadecenoate	diphosphate,AMP,(9Z)-octadecenoyl-CoA
RHEA:33615	ATP + CoA + octadecanoate = AMP + diphosphate + octadecanoyl-CoA	CHEBI:25629,CHEBI:57287,CHEBI:30616	CHEBI:33019,CHEBI:456215,CHEBI:57394	octadecanoate,CoA,ATP	diphosphate,AMP,octadecanoyl-CoA
RHEA:33619	ATP + CoA + tetradecanoate = AMP + diphosphate + tetradecanoyl-CoA	CHEBI:30807,CHEBI:57287,CHEBI:30616	CHEBI:33019,CHEBI:57385,CHEBI:456215	tetradecanoate,CoA,ATP	diphosphate,tetradecanoyl-CoA,AMP
RHEA:33623	ATP + CoA + dodecanoate = AMP + diphosphate + dodecanoyl-CoA	CHEBI:18262,CHEBI:57287,CHEBI:30616	CHEBI:33019,CHEBI:456215,CHEBI:57375	dodecanoate,CoA,ATP	diphosphate,AMP,dodecanoyl-CoA
RHEA:33631	ATP + CoA + octanoate = AMP + diphosphate + octanoyl-CoA	CHEBI:25646,CHEBI:57287,CHEBI:30616	CHEBI:33019,CHEBI:456215,CHEBI:57386	octanoate,CoA,ATP	diphosphate,AMP,octanoyl-CoA
RHEA:33639	ATP + CoA + tetracosanoate = AMP + diphosphate + tetracosanoyl-CoA	CHEBI:31014,CHEBI:57287,CHEBI:30616	CHEBI:65052,CHEBI:33019,CHEBI:456215	tetracosanoate,CoA,ATP	tetracosanoyl-CoA,diphosphate,AMP
RHEA:33647	(9Z)-hexadecenoate + ATP + CoA = (9Z)-hexadecenoyl-CoA + AMP + diphosphate	CHEBI:32372,CHEBI:57287,CHEBI:30616	CHEBI:61540,CHEBI:33019,CHEBI:456215	(9Z)-hexadecenoate,CoA,ATP	(9Z)-hexadecenoyl-CoA,diphosphate,AMP
RHEA:33651	(9Z,12Z)-octadecadienoate + ATP + CoA = (9Z,12Z)-octadecadienoyl-CoA + AMP + diphosphate	CHEBI:57287,CHEBI:30616,CHEBI:30245	CHEBI:57383,CHEBI:33019,CHEBI:456215	CoA,ATP,(9Z,12Z)-octadecadienoate	(9Z,12Z)-octadecadienoyl-CoA,diphosphate,AMP
RHEA:33747	a 1-acyl-sn-glycerol + ATP = a 1-acyl-sn-glycero-3-phosphate + ADP + H(+)	CHEBI:30616,CHEBI:64683	CHEBI:456216,CHEBI:15378,CHEBI:57970	ATP,a 1-acyl-sn-glycerol	ADP,H(+),a 1-acyl-sn-glycero-3-phosphate
RHEA:33943	H(+) + 2 L-arginine + 3 NADH + 4 O2 = 4 H2O + 2 L-citrulline + 3 NAD(+) + 2 nitric oxide	CHEBI:15379,CHEBI:57945,CHEBI:15378,CHEBI:32682	CHEBI:15377,CHEBI:57540,CHEBI:16480,CHEBI:57743	O2,NADH,H(+),L-arginine	H2O,NAD(+),nitric oxide,L-citrulline
RHEA:34283	2 L-tyrosine + O2 = 2 L-dopa	CHEBI:58315,CHEBI:15379	CHEBI:57504	L-tyrosine,O2	L-dopa
RHEA:34999	ADP(in) + ATP(out) = ADP(out) + ATP(in)	CHEBI:456216,CHEBI:30616	CHEBI:456216,CHEBI:30616	ADP,ATP	ADP,ATP
RHEA:36439	a 1,2-diacyl-sn-glycero-3-phosphoethanolamine(in) + ATP + H2O = a 1,2-diacyl-sn-glycero-3-phosphoethanolamine(out) + ADP + H(+) + phosphate	CHEBI:15377,CHEBI:30616,CHEBI:64612	CHEBI:456216,CHEBI:15378,CHEBI:43474,CHEBI:64612	H2O,ATP,a 1,2-diacyl-sn-glycero-3-phosphoethanolamine	ADP,H(+),phosphate,a 1,2-diacyl-sn-glycero-3-phosphoethanolamine
RHEA:36863	(9Z)-octadecenoyl-CoA + AH2 + O2 = (9Z,12Z)-octadecadienoyl-CoA + A + 2 H2O	CHEBI:15379,CHEBI:17499,CHEBI:57387	CHEBI:57383,CHEBI:15377,CHEBI:13193	O2,AH2,(9Z)-octadecenoyl-CoA	(9Z,12Z)-octadecadienoyl-CoA,H2O,A
RHEA:36931	2 [Fe(II)-cytochrome b5] + 2 H(+) + hexadecanoyl-CoA + O2 = (9Z)-hexadecenoyl-CoA + 2 [Fe(III)-cytochrome b5] + 2 H2O	CHEBI:15379,CHEBI:15378,CHEBI:57379,GENERIC:10438	CHEBI:61540,CHEBI:15377,GENERIC:10439	O2,H(+),hexadecanoyl-CoA,[Fe(II)-cytochrome b5]	(9Z)-hexadecenoyl-CoA,H2O,[Fe(III)-cytochrome b5]
RHEA:37795	2 H(+) + 2 NADPH + O2 = 2 H2O + 2 NADP(+)	CHEBI:15379,CHEBI:15378,CHEBI:57783	CHEBI:15377,CHEBI:58349	O2,H(+),NADPH	H2O,NADP(+)
RHEA:37799	2 H(+) + 2 NADH + O2 = 2 H2O + 2 NAD(+)	CHEBI:15379,CHEBI:57945,CHEBI:15378	CHEBI:15377,CHEBI:57540	O2,NADH,H(+)	H2O,NAD(+)
RHEA:37971	H(+) + NADPH + O2 + octadecanoyl-CoA = (9Z)-octadecenoyl-CoA + 2 H2O + NADP(+)	CHEBI:15379,CHEBI:15378,CHEBI:57783,CHEBI:57394	CHEBI:15377,CHEBI:58349,CHEBI:57387	O2,H(+),NADPH,octadecanoyl-CoA	H2O,NADP(+),(9Z)-octadecenoyl-CoA
RHEA:38191	3 O2 + 3 reduced [NADPH--hemoprotein reductase] + testosterone = 17beta-estradiol + formate + 4 H(+) + 4 H2O + 3 oxidized [NADPH--hemoprotein reductase]	GENERIC:11964,CHEBI:15379,CHEBI:17347	GENERIC:11965,CHEBI:15377,CHEBI:15740,CHEBI:15378,CHEBI:16469	reduced [NADPH--hemoprotein reductase],O2,testosterone	oxidized [NADPH--hemoprotein reductase],H2O,formate,H(+),17beta-estradiol
RHEA:38195	androst-4-ene-3,17-dione + 3 O2 + 3 reduced [NADPH--hemoprotein reductase] = estrone + formate + 4 H(+) + 4 H2O + 3 oxidized [NADPH--hemoprotein reductase]	GENERIC:11964,CHEBI:15379,CHEBI:16422	GENERIC:11965,CHEBI:15377,CHEBI:15740,CHEBI:15378,CHEBI:17263	reduced [NADPH--hemoprotein reductase],O2,androst-4-ene-3,17-dione	oxidized [NADPH--hemoprotein reductase],H2O,formate,H(+),estrone
RHEA:38567	1,2-diacyl-sn-glycero-3-phospho-L-serine(out) + ATP + H2O = 1,2-diacyl-sn-glycero-3-phospho-L-serine(in) + ADP + H(+) + phosphate	CHEBI:15377,CHEBI:30616,CHEBI:57262	CHEBI:456216,CHEBI:15378,CHEBI:43474,CHEBI:57262	H2O,ATP,1,2-diacyl-sn-glycero-3-phospho-L-serine	ADP,H(+),phosphate,1,2-diacyl-sn-glycero-3-phospho-L-serine
RHEA:38583	a 1,2-diacyl-sn-glycero-3-phosphocholine(out) + ATP + H2O = a 1,2-diacyl-sn-glycero-3-phosphocholine(in) + ADP + H(+) + phosphate	CHEBI:15377,CHEBI:57643,CHEBI:30616	CHEBI:456216,CHEBI:15378,CHEBI:57643,CHEBI:43474	H2O,a 1,2-diacyl-sn-glycero-3-phosphocholine,ATP	ADP,H(+),a 1,2-diacyl-sn-glycero-3-phosphocholine,phosphate
RHEA:38679	ATP + H2O + sphinganine(in) = ADP + H(+) + phosphate + sphinganine(out)	CHEBI:15377,CHEBI:30616,CHEBI:57817	CHEBI:456216,CHEBI:15378,CHEBI:43474,CHEBI:57817	H2O,ATP,sphinganine	ADP,H(+),phosphate,sphinganine
RHEA:38683	ATP + H2O + sphing-4-enine(in) = ADP + H(+) + phosphate + sphing-4-enine(out)	CHEBI:15377,CHEBI:30616,CHEBI:57756	CHEBI:456216,CHEBI:15378,CHEBI:43474,CHEBI:57756	H2O,ATP,sphing-4-enine	ADP,H(+),phosphate,sphing-4-enine
RHEA:38687	4-hydroxysphinganine(in) + ATP + H2O = 4-hydroxysphinganine(out) + ADP + H(+) + phosphate	CHEBI:64124,CHEBI:15377,CHEBI:30616	CHEBI:64124,CHEBI:456216,CHEBI:15378,CHEBI:43474	4-hydroxysphinganine,H2O,ATP	4-hydroxysphinganine,ADP,H(+),phosphate
RHEA:38715	ATP + choline(out) + H2O = ADP + choline(in) + H(+) + phosphate	CHEBI:15377,CHEBI:15354,CHEBI:30616	CHEBI:456216,CHEBI:15378,CHEBI:15354,CHEBI:43474	H2O,choline,ATP	ADP,H(+),choline,phosphate
RHEA:38719	(R)-carnitine(out) + ATP + H2O = (R)-carnitine(in) + ADP + H(+) + phosphate	CHEBI:15377,CHEBI:16347,CHEBI:30616	CHEBI:456216,CHEBI:15378,CHEBI:16347,CHEBI:43474	H2O,(R)-carnitine,ATP	ADP,H(+),(R)-carnitine,phosphate
RHEA:38903	ATP + H2O + sphingomyelin(in) = ADP + H(+) + phosphate + sphingomyelin(out)	CHEBI:15377,CHEBI:30616,CHEBI:17636	CHEBI:456216,CHEBI:15378,CHEBI:43474,CHEBI:17636	H2O,ATP,sphingomyelin	ADP,H(+),phosphate,sphingomyelin
RHEA:38967	an N-acylsphing-4-enine(in) + ATP + H2O = ADP + an N-acylsphing-4-enine(out) + H(+) + phosphate	CHEBI:15377,CHEBI:52639,CHEBI:30616	CHEBI:456216,CHEBI:15378,CHEBI:52639,CHEBI:43474	H2O,an N-acylsphing-4-enine,ATP	ADP,H(+),an N-acylsphing-4-enine,phosphate
RHEA:39051	ATP + cholesterol(in) + H2O = ADP + cholesterol(out) + H(+) + phosphate	CHEBI:15377,CHEBI:16113,CHEBI:30616	CHEBI:456216,CHEBI:16113,CHEBI:15378,CHEBI:43474	H2O,cholesterol,ATP	ADP,cholesterol,H(+),phosphate
RHEA:39279	ATP + dodecanoate(out) + H2O = ADP + dodecanoate(in) + H(+) + phosphate	CHEBI:18262,CHEBI:15377,CHEBI:30616	CHEBI:18262,CHEBI:456216,CHEBI:15378,CHEBI:43474	dodecanoate,H2O,ATP	dodecanoate,ADP,H(+),phosphate
RHEA:39711	O2 + 2 reduced coenzyme F420-(gamma-Glu)(n) = 2 H(+) + 2 H2O + 2 oxidized coenzyme F420-(gamma-Glu)(n)	POLYMER:14378,CHEBI:15379	CHEBI:15377,CHEBI:15378,POLYMER:12939	reduced coenzyme F420-(gamma-Glu)(n),O2	H2O,H(+),oxidized coenzyme F420-(gamma-Glu)(n)
RHEA:40215	FADH2 + O2 = FAD + H(+) + H2O2	CHEBI:15379,CHEBI:58307	CHEBI:57692,CHEBI:16240,CHEBI:15378	O2,FADH2	FAD,H2O2,H(+)
RHEA:40327	1,2-di-(9Z-octadecenoyl)-sn-glycerol + ATP = 1,2-di-(9Z-octadecenoyl)-sn-glycero-3-phosphate + ADP + H(+)	CHEBI:52333,CHEBI:30616	CHEBI:74546,CHEBI:456216,CHEBI:15378	1,2-di-(9Z-octadecenoyl)-sn-glycerol,ATP	1,2-di-(9Z-octadecenoyl)-sn-glycero-3-phosphate,ADP,H(+)
RHEA:40527	2 a ubiquinol + 4 H(+)(in) + O2(in) = 2 a ubiquinone + 4 H(+)(out) + 2 H2O(in)	CHEBI:15379,CHEBI:15378,POLYMER:9566	CHEBI:15377,CHEBI:15378,POLYMER:9565	O2,H(+),a ubiquinol	H2O,H(+),a ubiquinone
RHEA:41964	butanoyl-CoA + O2 = (2E)-butenoyl-CoA + H2O2	CHEBI:15379,CHEBI:57371	CHEBI:57332,CHEBI:16240	O2,butanoyl-CoA	(2E)-butenoyl-CoA,H2O2
RHEA:42316	a 2-oxocarboxylate + CoA + 2 oxidized [2Fe-2S]-[ferredoxin] = an acyl-CoA + CO2 + H(+) + 2 reduced [2Fe-2S]-[ferredoxin]	GENERIC:10000,CHEBI:57287,CHEBI:35179	GENERIC:10001,CHEBI:15378,CHEBI:58342,CHEBI:16526	oxidized [2Fe-2S]-[ferredoxin],CoA,a 2-oxocarboxylate	reduced [2Fe-2S]-[ferredoxin],H(+),an acyl-CoA,CO2
RHEA:42764	formate + 2 H(+) + oxidized coenzyme F420-(gamma-Glu)(n) = CO2 + reduced coenzyme F420-(gamma-Glu)(n)	CHEBI:15740,CHEBI:15378,POLYMER:12939	POLYMER:14378,CHEBI:16526	formate,H(+),oxidized coenzyme F420-(gamma-Glu)(n)	reduced coenzyme F420-(gamma-Glu)(n),CO2
RHEA:43120	2-oxoglutarate + O2 + xanthine = CO2 + succinate + urate	CHEBI:15379,CHEBI:16810,CHEBI:17712	CHEBI:30031,CHEBI:16526,CHEBI:17775	O2,2-oxoglutarate,xanthine	succinate,CO2,urate
RHEA:43740	ATP + CoA + hexanoate = AMP + diphosphate + hexanoyl-CoA	CHEBI:57287,CHEBI:30616,CHEBI:17120	CHEBI:62620,CHEBI:33019,CHEBI:456215	CoA,ATP,hexanoate	hexanoyl-CoA,diphosphate,AMP
RHEA:44140	CoA + 2 H(+) + oxidized [flavodoxin] + pyruvate = acetyl-CoA + CO2 + reduced [flavodoxin]	CHEBI:57287,CHEBI:15378,CHEBI:15361,GENERIC:10623	CHEBI:57288,CHEBI:16526,GENERIC:10622	CoA,H(+),pyruvate,oxidized [flavodoxin]	acetyl-CoA,CO2,reduced [flavodoxin]
RHEA:44544	a fatty acid(out) + ATP + H2O = a fatty acid(in) + ADP + H(+) + phosphate	CHEBI:15377,CHEBI:28868,CHEBI:30616	CHEBI:456216,CHEBI:15378,CHEBI:43474,CHEBI:28868	H2O,a fatty acid,ATP	ADP,H(+),phosphate,a fatty acid
RHEA:45024	cholesterol + H(+) + NADPH + O2 = cholesta-5,7-dien-3beta-ol + 2 H2O + NADP(+)	CHEBI:15379,CHEBI:16113,CHEBI:15378,CHEBI:57783	CHEBI:15377,CHEBI:58349,CHEBI:17759	O2,cholesterol,H(+),NADPH	H2O,NADP(+),cholesta-5,7-dien-3beta-ol
RHEA:45160	3-oxopropanoate + H(+) = acetaldehyde + CO2	CHEBI:15378,CHEBI:33190	CHEBI:15343,CHEBI:16526	H(+),3-oxopropanoate	acetaldehyde,CO2
RHEA:45484	H(+) + pyruvate = acetaldehyde + CO2	CHEBI:15378,CHEBI:15361	CHEBI:15343,CHEBI:16526	H(+),pyruvate	acetaldehyde,CO2
RHEA:45824	H(+) + L-serine = CO2 + ethanolamine	CHEBI:15378,CHEBI:33384	CHEBI:57603,CHEBI:16526	H(+),L-serine	ethanolamine,CO2
RHEA:46172	ATP + butanoate + CoA = AMP + butanoyl-CoA + diphosphate	CHEBI:57287,CHEBI:17968,CHEBI:30616	CHEBI:33019,CHEBI:456215,CHEBI:57371	CoA,butanoate,ATP	diphosphate,AMP,butanoyl-CoA
RHEA:46276	(S)-malate + H(+) = (S)-lactate + CO2	CHEBI:15378,CHEBI:15589	CHEBI:16651,CHEBI:16526	H(+),(S)-malate	(S)-lactate,CO2
RHEA:46952	2 formate + NAD(+) + 2 oxidized [2Fe-2S]-[ferredoxin] = 2 CO2 + H(+) + NADH + 2 reduced [2Fe-2S]-[ferredoxin]	GENERIC:10000,CHEBI:15740,CHEBI:57540	GENERIC:10001,CHEBI:57945,CHEBI:15378,CHEBI:16526	oxidized [2Fe-2S]-[ferredoxin],formate,NAD(+)	reduced [2Fe-2S]-[ferredoxin],NADH,H(+),CO2
RHEA:48592	a quinone + formate + H(+) = a quinol + CO2	CHEBI:132124,CHEBI:15740,CHEBI:15378	CHEBI:24646,CHEBI:16526	a quinone,formate,H(+)	a quinol,CO2
RHEA:48880	a quinone + CO + H2O = a quinol + CO2	CHEBI:15377,CHEBI:132124,CHEBI:17245	CHEBI:24646,CHEBI:16526	H2O,a quinone,CO	a quinol,CO2
RHEA:49280	FADH2 + O2 + phenol = catechol + FAD + H(+) + H2O	CHEBI:15882,CHEBI:15379,CHEBI:58307	CHEBI:15377,CHEBI:57692,CHEBI:18135,CHEBI:15378	phenol,O2,FADH2	H2O,FAD,catechol,H(+)
RHEA:49636	H2O + methylglyoxal + O2 = H(+) + H2O2 + pyruvate	CHEBI:15379,CHEBI:15377,CHEBI:17158	CHEBI:16240,CHEBI:15378,CHEBI:15361	O2,H2O,methylglyoxal	H2O2,H(+),pyruvate
RHEA:50048	ATP + cholate(in) + H2O = ADP + cholate(out) + H(+) + phosphate	CHEBI:15377,CHEBI:29747,CHEBI:30616	CHEBI:456216,CHEBI:15378,CHEBI:29747,CHEBI:43474	H2O,cholate,ATP	ADP,H(+),cholate,phosphate
RHEA:50248	ATP + D-ribose 5-phosphate + H(+) = ADP-D-ribose + diphosphate	CHEBI:15378,CHEBI:30616,CHEBI:78346	CHEBI:33019,CHEBI:57967	H(+),ATP,D-ribose 5-phosphate	diphosphate,ADP-D-ribose
RHEA:50428	methanethiol + S-adenosyl-L-methionine = dimethyl sulfide + H(+) + S-adenosyl-L-homocysteine	CHEBI:16007,CHEBI:59789	CHEBI:17437,CHEBI:15378,CHEBI:57856	methanethiol,S-adenosyl-L-methionine	dimethyl sulfide,H(+),S-adenosyl-L-homocysteine
RHEA:50916	a carboxylate + ATP + H(+) + NADPH = AMP + an aldehyde + diphosphate + NADP(+)	CHEBI:15378,CHEBI:57783,CHEBI:29067,CHEBI:30616	CHEBI:33019,CHEBI:456215,CHEBI:17478,CHEBI:58349	H(+),NADPH,a carboxylate,ATP	diphosphate,AMP,an aldehyde,NADP(+)
RHEA:51580	a fatty acid(out) + ATP(in) + CoA(in) + H(+)(out) = AMP(in) + an acyl-CoA(in) + diphosphate(in) + H(+)(in)	CHEBI:57287,CHEBI:15378,CHEBI:28868,CHEBI:30616	CHEBI:33019,CHEBI:456215,CHEBI:15378,CHEBI:58342	CoA,H(+),a fatty acid,ATP	diphosphate,AMP,H(+),an acyl-CoA
RHEA:51644	cholesterol + H(+) + NADH + O2 = cholesta-5,7-dien-3beta-ol + 2 H2O + NAD(+)	CHEBI:15379,CHEBI:57945,CHEBI:16113,CHEBI:15378	CHEBI:15377,CHEBI:57540,CHEBI:17759	O2,NADH,cholesterol,H(+)	H2O,NAD(+),cholesta-5,7-dien-3beta-ol
RHEA:51716	ATP(in) + CoA(in) + H(+)(out) + hexadecanoate(out) = AMP(in) + diphosphate(in) + H(+)(in) + hexadecanoyl-CoA(in)	CHEBI:57287,CHEBI:15378,CHEBI:7896,CHEBI:30616	CHEBI:33019,CHEBI:456215,CHEBI:15378,CHEBI:57379	CoA,H(+),hexadecanoate,ATP	diphosphate,AMP,H(+),hexadecanoyl-CoA
RHEA:51720	ATP(in) + CoA(in) + H(+)(out) + octadecanoate(out) = AMP(in) + diphosphate(in) + H(+)(in) + octadecanoyl-CoA(in)	CHEBI:25629,CHEBI:57287,CHEBI:15378,CHEBI:30616	CHEBI:33019,CHEBI:456215,CHEBI:15378,CHEBI:57394	octadecanoate,CoA,H(+),ATP	diphosphate,AMP,H(+),octadecanoyl-CoA
RHEA:51808	(9Z)-octadecenoate(out) + ATP(in) + CoA(in) + H(+)(out) = (9Z)-octadecenoyl-CoA(in) + AMP(in) + diphosphate(in) + H(+)(in)	CHEBI:57287,CHEBI:15378,CHEBI:30616,CHEBI:30823	CHEBI:33019,CHEBI:456215,CHEBI:15378,CHEBI:57387	CoA,H(+),ATP,(9Z)-octadecenoate	diphosphate,AMP,H(+),(9Z)-octadecenoyl-CoA
RHEA:51812	ATP(in) + CoA(in) + H(+)(out) + tetradecanoate(out) = AMP(in) + diphosphate(in) + H(+)(in) + tetradecanoyl-CoA(in)	CHEBI:30807,CHEBI:57287,CHEBI:15378,CHEBI:30616	CHEBI:33019,CHEBI:57385,CHEBI:456215,CHEBI:15378	tetradecanoate,CoA,H(+),ATP	diphosphate,tetradecanoyl-CoA,AMP,H(+)
RHEA:51816	ATP(in) + CoA(in) + dodecanoate(out) + H(+)(out) = AMP(in) + diphosphate(in) + dodecanoyl-CoA(in) + H(+)(in)	CHEBI:18262,CHEBI:57287,CHEBI:15378,CHEBI:30616	CHEBI:33019,CHEBI:456215,CHEBI:15378,CHEBI:57375	dodecanoate,CoA,H(+),ATP	diphosphate,AMP,H(+),dodecanoyl-CoA
RHEA:51824	ATP(in) + CoA(in) + H(+)(out) + octanoate(out) = AMP(in) + diphosphate(in) + H(+)(in) + octanoyl-CoA(in)	CHEBI:25646,CHEBI:57287,CHEBI:15378,CHEBI:30616	CHEBI:33019,CHEBI:456215,CHEBI:15378,CHEBI:57386	octanoate,CoA,H(+),ATP	diphosphate,AMP,H(+),octanoyl-CoA
RHEA:51832	ATP(in) + CoA(in) + H(+)(out) + tetracosanoate(out) = AMP(in) + diphosphate(in) + H(+)(in) + tetracosanoyl-CoA(in)	CHEBI:31014,CHEBI:57287,CHEBI:15378,CHEBI:30616	CHEBI:65052,CHEBI:33019,CHEBI:456215,CHEBI:15378	tetracosanoate,CoA,H(+),ATP	tetracosanoyl-CoA,diphosphate,AMP,H(+)
RHEA:51844	(9Z)-hexadecenoate(out) + ATP(in) + CoA(in) + H(+)(out) = (9Z)-hexadecenoyl-CoA(in) + AMP(in) + diphosphate(in) + H(+)(in)	CHEBI:32372,CHEBI:57287,CHEBI:15378,CHEBI:30616	CHEBI:61540,CHEBI:33019,CHEBI:456215,CHEBI:15378	(9Z)-hexadecenoate,CoA,H(+),ATP	(9Z)-hexadecenoyl-CoA,diphosphate,AMP,H(+)
RHEA:51852	(9Z,12Z)-octadecadienoate(out) + ATP(in) + CoA(in) + H(+)(out) = (9Z,12Z)-octadecadienoyl-CoA(in) + AMP(in) + diphosphate(in) + H(+)(in)	CHEBI:57287,CHEBI:15378,CHEBI:30616,CHEBI:30245	CHEBI:57383,CHEBI:33019,CHEBI:456215,CHEBI:15378	CoA,H(+),ATP,(9Z,12Z)-octadecadienoate	(9Z,12Z)-octadecadienoyl-CoA,diphosphate,AMP,H(+)
RHEA:52324	2 L-arginine + 4 O2 + 3 reduced [flavodoxin] = 5 H(+) + 4 H2O + 2 L-citrulline + 2 nitric oxide + 3 oxidized [flavodoxin]	CHEBI:15379,CHEBI:32682,GENERIC:10622	CHEBI:15377,CHEBI:15378,CHEBI:16480,CHEBI:57743,GENERIC:10623	O2,L-arginine,reduced [flavodoxin]	H2O,H(+),nitric oxide,L-citrulline,oxidized [flavodoxin]
RHEA:52532	adenosine + GTP = AMP + GDP + H(+)	CHEBI:16335,CHEBI:37565	CHEBI:456215,CHEBI:15378,CHEBI:58189	adenosine,GTP	AMP,H(+),GDP
RHEA:55376	2 a quinol + O2 = 2 a quinone + 2 H2O	CHEBI:15379,CHEBI:24646	CHEBI:15377,CHEBI:132124	O2,a quinol	H2O,a quinone
RHEA:55796	H(+) + NADH + O2 + phenol = H2O + hydroquinone + NAD(+)	CHEBI:15882,CHEBI:15379,CHEBI:57945,CHEBI:15378	CHEBI:15377,CHEBI:17594,CHEBI:57540	phenol,O2,NADH,H(+)	H2O,hydroquinone,NAD(+)
RHEA:55868	(S)-lactate + O2 = H2O2 + pyruvate	CHEBI:15379,CHEBI:16651	CHEBI:16240,CHEBI:15361	O2,(S)-lactate	H2O2,pyruvate
RHEA:56140	H2O + S-adenosyl-L-methionine = adenosine + H(+) + L-methionine	CHEBI:15377,CHEBI:59789	CHEBI:57844,CHEBI:16335,CHEBI:15378	H2O,S-adenosyl-L-methionine	L-methionine,adenosine,H(+)
RHEA:57720	ATP + 4 H(+)(in) + H2O = ADP + 5 H(+)(out) + phosphate	CHEBI:15377,CHEBI:15378,CHEBI:30616	CHEBI:456216,CHEBI:15378,CHEBI:43474	H2O,H(+),ATP	ADP,H(+),phosphate
RHEA:57724	H(+) + 2 Na(+)(in) + oxaloacetate = CO2 + 2 Na(+)(out) + pyruvate	CHEBI:29101,CHEBI:15378,CHEBI:16452	CHEBI:29101,CHEBI:15361,CHEBI:16526	Na(+),H(+),oxaloacetate	Na(+),pyruvate,CO2
RHEA:57952	H(+) + NADH + O2 + phenol = catechol + H2O + NAD(+)	CHEBI:15882,CHEBI:15379,CHEBI:57945,CHEBI:15378	CHEBI:15377,CHEBI:18135,CHEBI:57540	phenol,O2,NADH,H(+)	H2O,catechol,NAD(+)
RHEA:58156	ATP + H2O + 4 Na(+)(in) = ADP + H(+) + 4 Na(+)(out) + phosphate	CHEBI:15377,CHEBI:29101,CHEBI:30616	CHEBI:29101,CHEBI:456216,CHEBI:15378,CHEBI:43474	H2O,Na(+),ATP	Na(+),ADP,H(+),phosphate
RHEA:58496	choline + H(+) + NADH + O2 = glycolaldehyde + H2O + NAD(+) + trimethylamine	CHEBI:15379,CHEBI:57945,CHEBI:15378,CHEBI:15354	CHEBI:15377,CHEBI:57540,CHEBI:17071,CHEBI:58389	O2,NADH,H(+),choline	H2O,NAD(+),glycolaldehyde,trimethylamine
RHEA:58500	betaine + H(+) + NADH + O2 = glyoxylate + H2O + NAD(+) + trimethylamine	CHEBI:15379,CHEBI:57945,CHEBI:15378,CHEBI:17750	CHEBI:15377,CHEBI:36655,CHEBI:57540,CHEBI:58389	O2,NADH,H(+),betaine	H2O,glyoxylate,NAD(+),trimethylamine
RHEA:58820	H(+) + malonate + Na(+)(in) = acetate + CO2 + Na(+)(out)	CHEBI:29101,CHEBI:15378,CHEBI:15792	CHEBI:29101,CHEBI:16526,CHEBI:30089	Na(+),H(+),malonate	Na(+),CO2,acetate
RHEA:58916	2 [Fe(II)-cytochrome b5] + 2 H(+) + O2 + squalene = (S)-2,3-epoxysqualene + 2 [Fe(III)-cytochrome b5] + H2O	CHEBI:15379,CHEBI:15378,CHEBI:15440,GENERIC:10438	CHEBI:15377,CHEBI:15441,GENERIC:10439	O2,H(+),squalene,[Fe(II)-cytochrome b5]	H2O,(S)-2,3-epoxysqualene,[Fe(III)-cytochrome b5]
RHEA:59112	ATP + L-serine = ADP + H(+) + O-phospho-L-serine	CHEBI:33384,CHEBI:30616	CHEBI:57524,CHEBI:456216,CHEBI:15378	L-serine,ATP	O-phospho-L-serine,ADP,H(+)
RHEA:59176	ADP + L-serine = AMP + H(+) + O-phospho-L-serine	CHEBI:456216,CHEBI:33384	CHEBI:57524,CHEBI:456215,CHEBI:15378	ADP,L-serine	O-phospho-L-serine,AMP,H(+)
RHEA:59420	H2O + methylamine + O2 = formaldehyde + H2O2 + NH4(+)	CHEBI:15379,CHEBI:15377,CHEBI:59338	CHEBI:28938,CHEBI:16842,CHEBI:16240	O2,H2O,methylamine	NH4(+),formaldehyde,H2O2
RHEA:60156	ATP + D-galactose(out) + H2O = ADP + D-galactose(in) + H(+) + phosphate	CHEBI:15377,CHEBI:4139,CHEBI:30616	CHEBI:456216,CHEBI:15378,CHEBI:4139,CHEBI:43474	H2O,D-galactose,ATP	ADP,H(+),D-galactose,phosphate
RHEA:60180	ATP + D-fructose(out) + H2O = ADP + D-fructose(in) + H(+) + phosphate	CHEBI:15377,CHEBI:37721,CHEBI:30616	CHEBI:456216,CHEBI:15378,CHEBI:43474,CHEBI:37721	H2O,D-fructose,ATP	ADP,H(+),phosphate,D-fructose
RHEA:60184	ATP + D-glucose(out) + H2O = ADP + D-glucose(in) + H(+) + phosphate	CHEBI:15377,CHEBI:4167,CHEBI:30616	CHEBI:456216,CHEBI:15378,CHEBI:43474,CHEBI:4167	H2O,D-glucose,ATP	ADP,H(+),phosphate,D-glucose
RHEA:61236	H2O + L-methionine + O2 = 4-methylsulfanyl-2-oxobutanoate + H2O2 + NH4(+)	CHEBI:15379,CHEBI:15377,CHEBI:57844	CHEBI:16723,CHEBI:28938,CHEBI:16240	O2,H2O,L-methionine	4-methylsulfanyl-2-oxobutanoate,NH4(+),H2O2
RHEA:61240	H2O + L-phenylalanine + O2 = 3-phenylpyruvate + H2O2 + NH4(+)	CHEBI:15379,CHEBI:15377,CHEBI:58095	CHEBI:28938,CHEBI:18005,CHEBI:16240	O2,H2O,L-phenylalanine	NH4(+),3-phenylpyruvate,H2O2
RHEA:61244	H2O + L-tryptophan + O2 = H2O2 + indole-3-pyruvate + NH4(+)	CHEBI:15379,CHEBI:15377,CHEBI:57912	CHEBI:28938,CHEBI:16240,CHEBI:17640	O2,H2O,L-tryptophan	NH4(+),H2O2,indole-3-pyruvate
RHEA:61248	H2O + L-tyrosine + O2 = 3-(4-hydroxyphenyl)pyruvate + H2O2 + NH4(+)	CHEBI:58315,CHEBI:15379,CHEBI:15377	CHEBI:28938,CHEBI:16240,CHEBI:36242	L-tyrosine,O2,H2O	NH4(+),H2O2,3-(4-hydroxyphenyl)pyruvate
RHEA:61252	H2O + L-valine + O2 = 3-methyl-2-oxobutanoate + H2O2 + NH4(+)	CHEBI:15379,CHEBI:57762,CHEBI:15377	CHEBI:28938,CHEBI:11851,CHEBI:16240	O2,L-valine,H2O	NH4(+),3-methyl-2-oxobutanoate,H2O2
RHEA:61264	H2O + L-alanine + O2 = H2O2 + NH4(+) + pyruvate	CHEBI:15379,CHEBI:15377,CHEBI:57972	CHEBI:28938,CHEBI:16240,CHEBI:15361	O2,H2O,L-alanine	NH4(+),H2O2,pyruvate
RHEA:61280	4-aminobutanoate + H2O + O2 = H2O2 + NH4(+) + succinate semialdehyde	CHEBI:15379,CHEBI:15377,CHEBI:59888	CHEBI:28938,CHEBI:16240,CHEBI:57706	O2,H2O,4-aminobutanoate	NH4(+),H2O2,succinate semialdehyde
RHEA:61340	(S)-methylmalonyl-CoA + H(+) = CO2 + propanoyl-CoA	CHEBI:15378,CHEBI:57327	CHEBI:57392,CHEBI:16526	H(+),(S)-methylmalonyl-CoA	propanoyl-CoA,CO2
RHEA:61352	ATP + H2O + riboflavin(in) = ADP + H(+) + phosphate + riboflavin(out)	CHEBI:15377,CHEBI:57986,CHEBI:30616	CHEBI:456216,CHEBI:15378,CHEBI:57986,CHEBI:43474	H2O,riboflavin,ATP	ADP,H(+),riboflavin,phosphate
RHEA:61388	ATP + biotin(in) + H2O = ADP + biotin(out) + H(+) + phosphate	CHEBI:15377,CHEBI:57586,CHEBI:30616	CHEBI:456216,CHEBI:57586,CHEBI:15378,CHEBI:43474	H2O,biotin,ATP	ADP,biotin,H(+),phosphate
RHEA:61436	ADP + H2O = AMP + H(+) + phosphate	CHEBI:15377,CHEBI:456216	CHEBI:456215,CHEBI:15378,CHEBI:43474	H2O,ADP	AMP,H(+),phosphate
